# Blender v3.2.2 OBJ File: 'Brian Winne Low Poly Nightmare Fuel.blend'
# www.blender.org
mtllib Brian Winne Low Poly Nightmare Fuel Phase 4.mtl
o Brian_Winne_Low_Poly_Nightmare_Fuel_Human_Low_poly
v 0.000000 184.335129 -0.337418
v 0.000000 111.074104 24.508268
v 0.000000 159.173157 -4.655679
v 0.000000 150.566086 -8.852871
v 0.000000 95.953796 -11.269471
v 0.000000 160.304886 12.827662
v 0.000000 123.487053 24.626301
v 0.000000 87.267746 5.578570
v 0.000000 87.952591 14.973036
v 0.000000 184.390503 5.843082
v 0.000000 174.310684 -7.928791
v 0.000000 182.523376 11.478700
v 0.000000 144.075745 18.049295
v 0.000000 88.383507 -7.179184
v 0.000000 88.604256 -0.355654
v 0.000000 169.594894 15.854956
v 0.000000 164.449600 -4.668268
v 0.000000 141.167709 -10.312831
v 0.000000 181.372528 -5.791948
v 0.000000 116.694611 -8.374627
v 0.000000 105.596535 -11.240761
v 0.000000 174.269363 13.144125
v 0.000000 150.083649 14.802906
v 0.000000 101.262123 21.840193
v 0.000000 86.786072 8.981973
v 0.000000 160.434555 7.525114
v 0.000000 156.058716 7.595747
v -0.132133 88.503540 -7.255327
v -0.322137 86.920021 9.543439
v -9.180530 65.561348 13.853755
v -3.901088 76.348808 9.202280
v -21.729822 48.580227 4.892275
v -22.923935 53.543232 1.614919
v -14.635040 40.668285 6.102619
v -11.053246 41.224377 3.234536
v -5.602738 61.467705 7.141556
v -10.570480 53.930645 9.711826
v -31.031202 3.650533 11.011435
v -28.021030 3.774552 14.736310
v -25.401087 5.912957 10.475224
v -30.371258 3.850516 7.322977
v -24.260815 0.293322 17.108595
v -19.529734 5.045974 8.323124
v -23.300371 3.349002 15.031934
v -29.896301 0.630084 5.990296
v -28.983265 0.153278 15.555608
v -31.426615 0.281337 12.027704
v -23.255209 5.397668 -11.756626
v -17.653635 0.638250 -11.632476
v -2.507553 164.470795 -4.026466
v -2.955177 159.975693 -3.848942
v -4.016499 161.197769 5.513526
v -3.428537 160.980942 10.377075
v -3.544039 173.349716 -6.797656
v -3.451307 180.884506 -4.871007
v -3.428059 177.022354 13.396244
v -6.220379 177.953705 -2.653328
v -7.688410 179.406937 1.591007
v -4.140661 183.262970 0.721671
v -30.042973 122.464195 2.912665
v -33.767117 116.741829 4.204755
v -27.302044 121.248360 3.252350
v -28.928282 113.195045 -1.817987
v -35.360561 106.045738 -0.233776
v -27.000929 119.995209 -6.243598
v -29.859875 120.362274 -6.304705
v -37.500656 107.701637 0.411393
v -32.336834 121.706955 -3.977462
v -31.749483 113.112816 4.679308
v -26.301085 115.998634 1.613389
v -32.878067 106.102928 3.981781
v -36.152874 98.928200 2.933564
v -36.379250 104.630257 7.191991
v -37.879814 109.840401 3.854472
v -41.362000 99.963898 3.422015
v -34.783657 119.379547 1.137783
v -3.877076 181.468582 10.445844
v -6.331617 171.718445 10.844120
v -6.913340 178.903275 6.830683
v -24.000467 121.188141 0.293977
v -16.086452 68.362740 14.006140
v -17.979916 50.520935 9.101705
v -19.991360 40.180820 5.695282
v -14.547540 0.071663 -9.010146
v -17.757988 13.470319 -10.033279
v -15.003642 10.911435 -6.691415
v -16.948963 26.448059 -11.879806
v -11.314559 27.501007 -8.191832
v -14.245286 43.303188 -10.882283
v -8.923758 42.917934 -6.589850
v -14.898661 55.056747 -7.458010
v -8.934098 53.587051 -4.379508
v -9.201261 79.117302 -5.908423
v -4.890623 71.403671 -2.067526
v -7.236575 62.812351 -3.479245
v -13.148506 60.805553 -6.444515
v -21.453272 129.836716 3.869350
v -24.289248 132.092880 4.298128
v -24.450010 124.630302 3.497277
v -31.509502 124.581146 0.307195
v -28.035685 130.740250 1.294878
v -27.762384 125.032967 -6.615376
v -28.441990 129.866806 -3.493479
v -5.341603 130.104202 -9.414218
v -6.126209 121.887558 -8.285767
v -16.696508 133.464584 -1.828503
v -12.960238 129.728806 -5.367390
v -15.575409 129.521286 2.302086
v -19.380417 130.646393 -4.435939
v -25.040665 118.649529 -3.807840
v -23.940407 126.028542 -7.032931
v -16.761312 136.627243 -6.244201
v -22.914776 135.162476 -7.134260
v -17.299021 141.625595 -7.799748
v -5.107029 138.437698 -10.395219
v -5.591684 162.288528 6.574429
v -16.322426 23.471584 4.932882
v -13.559035 14.518494 1.007307
v -16.722338 8.603511 4.191983
v -17.951292 0.077596 3.695335
v -26.497217 1.090673 -4.184599
v -19.544863 0.166292 -2.047500
v -27.655010 0.307331 -1.357696
v -22.201410 9.038220 6.244484
v -28.321043 7.680165 4.245704
v -22.037722 0.329578 -11.933209
v -23.823507 0.018780 -8.059262
v -14.494069 0.540851 -5.570376
v -22.035023 23.896051 4.434307
v -20.346966 12.689648 4.113000
v -16.435225 0.388707 1.369804
v -35.998318 85.379295 12.542079
v -35.630257 89.632652 12.998987
v -37.218689 90.426659 13.589677
v -36.941410 85.722664 13.126040
v -36.506378 89.967155 11.150477
v -37.677666 89.954308 11.997441
v -40.520138 87.204773 0.675926
v -41.013023 84.174454 1.071907
v -41.007446 81.372063 11.377021
v -42.171967 87.551033 11.414037
v -42.820171 89.414551 9.968627
v -38.820271 95.500977 11.798096
v -38.848068 99.479576 10.570961
v -40.077698 90.266571 10.605431
v -40.099792 95.640739 10.802152
v -41.846218 93.369217 10.798340
v -40.596039 85.679390 10.583601
v -40.964027 81.804596 9.724126
v -42.163956 82.631012 10.471930
v -39.095745 79.773506 11.211203
v -40.141495 79.701622 10.878341
v -39.026405 79.732605 10.156610
v -40.917896 82.625946 7.030256
v -41.198494 83.192696 8.121216
v -39.113380 78.190857 8.507796
v -41.681862 81.534424 8.800442
v -42.320667 83.037239 6.915206
v -40.319538 78.171738 8.369946
v -41.561096 82.560677 6.424772
v -39.081161 78.088844 7.543802
v -42.508038 83.197075 4.283699
v -43.130470 86.674736 4.876178
v -41.416149 80.888687 5.552151
v -40.075893 78.818604 4.393334
v -38.948284 78.907440 4.376400
v -40.460754 81.587311 5.578126
v -38.996857 78.748955 5.284492
v -41.045475 83.467506 3.949693
v -40.924969 83.443855 2.796659
v -38.399548 80.793488 1.330586
v -38.827034 80.739479 2.488783
v -39.944126 85.548286 1.329221
v -42.067600 86.310875 5.482193
v -39.512558 92.902328 0.338140
v -41.702156 91.544380 0.861552
v -39.451874 100.664673 1.353504
v -42.766403 95.299278 7.712411
v -37.016857 96.347298 7.220178
v -38.274334 93.193161 8.991666
v -42.599518 87.924896 2.495581
v -41.843079 86.049141 2.955060
v -43.415348 90.217484 4.794536
v -42.848972 87.415642 5.892638
v -41.070446 84.884956 9.057489
v -42.479939 86.938301 8.416776
v -40.899082 85.379997 6.328519
v -40.730324 85.997841 7.645638
v -40.766506 85.837677 5.263061
v -41.091465 85.890335 3.108194
v -38.184322 92.065239 1.494511
v -39.402283 88.286415 2.999595
v -38.999462 88.882759 7.452571
v -42.719372 94.837929 3.546342
v -14.365325 133.111130 9.950747
v -17.371040 135.346970 2.319079
v -5.815883 146.460739 -9.909990
v -12.686341 146.665359 -8.753043
v -20.732458 138.645050 5.140432
v -23.372149 144.392578 0.535497
v -22.389416 143.289841 -5.317134
v -8.991402 142.840088 16.129082
v -8.565478 133.351593 17.563423
v -15.716448 144.770264 10.726096
v -6.759612 150.430069 13.126983
v -18.759781 151.886887 2.884055
v -17.264353 151.244125 -4.494880
v -12.759123 151.942215 7.891783
v -4.342619 164.020737 -2.705355
v -14.669365 121.510338 -2.660948
v -6.636577 80.302559 14.866320
v -12.902023 85.956200 16.690317
v -3.042359 82.473854 -3.040866
v -1.285133 86.025818 -4.191944
v -3.441876 89.482605 -8.936855
v -18.689869 61.602982 -5.451215
v -6.812675 85.870857 -6.946976
v -3.464217 88.706177 15.691244
v -1.113563 86.141747 9.253094
v -5.504068 102.705971 21.037294
v -8.415209 96.821167 18.341562
v -6.878075 112.886108 -8.282065
v -8.240196 121.159019 22.378633
v -7.502827 110.783318 22.783323
v -14.474192 83.109016 -5.412787
v -20.366751 71.295464 9.777035
v -17.744862 96.856346 12.813354
v -19.301643 92.428040 4.173419
v -20.916313 77.724045 4.519372
v -17.100191 123.160843 6.498587
v -13.787594 124.778534 15.408538
v -16.303570 116.252792 15.387624
v -13.730515 105.305923 16.014526
v -15.179322 114.019684 -2.675183
v -9.154439 96.364235 -11.507960
v -5.461372 103.171867 -11.150964
v -13.170408 89.982948 -7.564130
v -17.461576 94.657196 -2.401785
v -18.306789 85.829826 -0.928919
v -17.538132 116.269562 5.532546
v -17.499239 107.343620 5.956335
v -22.680464 63.116283 2.815125
v -21.639944 63.530029 -1.578133
v -21.527325 59.338547 7.955079
v -16.181244 57.845974 12.320697
v -20.135014 55.346607 -5.257312
v -22.187704 54.411243 -1.752973
v -0.622466 85.367867 3.500489
v -3.414121 74.981895 3.274669
v -5.058891 61.731564 1.397565
v -8.308722 46.081100 -0.668483
v -10.451794 25.670115 -3.184249
v -13.529758 9.873969 -2.528430
v -25.559507 11.547269 0.549622
v -24.996435 25.751284 0.981277
v -20.263651 45.669659 -10.346815
v -23.617159 44.160812 -6.066255
v -21.787367 30.671288 -11.279862
v -25.508026 28.153305 -6.841682
v -26.026508 26.748701 -2.235933
v -22.655298 12.538261 -10.208663
v -25.147673 10.735269 -7.322185
v -6.080981 160.188721 -2.384559
v -5.619625 160.469818 1.930375
v -8.770533 157.646194 -1.178972
v -7.598385 156.705444 -3.617303
v -4.832626 183.045883 5.516491
v -5.938198 153.906555 -7.066739
v -3.530383 157.036423 5.622278
v -7.036335 156.616455 3.458984
v -15.316572 105.129150 -5.251500
v -36.873489 98.654732 1.119189
v -40.879864 99.926277 8.224891
v -36.466625 99.409233 8.246374
v -2.105559 169.383499 14.129359
v -2.289808 173.334610 12.370525
v -6.125176 172.263992 -2.826107
v -7.624230 174.295532 0.104313
v -5.811078 173.658386 11.131883
v 0.000000 166.515503 -5.946187
v -4.791921 166.933014 12.059616
v -2.051520 166.969635 13.048432
v -6.295781 166.845337 8.391564
v 0.000000 166.991699 13.971263
v -5.384950 163.861771 -0.366248
v -2.619068 166.538971 -5.326735
v -7.812571 167.153198 1.610950
v 0.000000 164.604691 13.179566
v -3.190123 165.439743 12.495958
v -4.871699 163.939941 8.486105
v -6.264758 163.034454 6.799860
v -6.194532 164.408432 1.797003
v 0.000000 177.779312 13.261959
v -2.578692 178.087906 13.297213
v -8.127029 172.366409 3.021238
v -7.236989 167.367508 3.840504
v -8.073863 175.152390 1.510416
v -7.914239 174.432678 2.923746
v -7.076453 167.741165 0.970477
v -7.384322 172.423950 -0.518493
v -8.929766 172.464142 1.274816
v -8.538445 175.115860 1.324968
v -8.111053 174.262695 -0.080988
v -8.613853 172.333572 2.835938
v -7.565609 168.612015 0.460082
v -7.764919 167.799515 3.846069
v -7.871147 172.391113 -0.703794
v -8.397762 174.402542 2.739439
v -7.532006 170.179977 5.083813
v 0.132133 88.503540 -7.255327
v 0.322137 86.920021 9.543439
v 9.180530 65.561348 13.853755
v 3.901088 76.348808 9.202280
v 21.729822 48.580227 4.892275
v 22.923935 53.543232 1.614919
v 14.635040 40.668285 6.102619
v 11.053246 41.224377 3.234536
v 5.602738 61.467705 7.141556
v 10.570480 53.930645 9.711826
v 31.031202 3.650533 11.011435
v 28.021030 3.774552 14.736310
v 25.401087 5.912957 10.475224
v 30.371258 3.850516 7.322977
v 24.260815 0.293322 17.108595
v 19.529734 5.045974 8.323124
v 23.300371 3.349002 15.031934
v 29.896301 0.630084 5.990296
v 28.983265 0.153278 15.555608
v 31.426615 0.281337 12.027704
v 23.255209 5.397668 -11.756626
v 17.653635 0.638250 -11.632476
v 2.507553 164.470795 -4.026466
v 2.955177 159.975693 -3.848942
v 4.016499 161.197769 5.513526
v 3.428537 160.980942 10.377075
v 3.544039 173.349716 -6.797656
v 3.451307 180.884506 -4.871007
v 3.428059 177.022354 13.396244
v 6.220379 177.953705 -2.653328
v 7.688410 179.406937 1.591007
v 4.140661 183.262970 0.721671
v 30.042973 122.464195 2.912665
v 33.767117 116.741829 4.204755
v 27.302044 121.248360 3.252350
v 28.928282 113.195045 -1.817987
v 35.360561 106.045738 -0.233776
v 27.000929 119.995209 -6.243598
v 29.859875 120.362274 -6.304705
v 37.500656 107.701637 0.411393
v 32.336834 121.706955 -3.977462
v 31.749483 113.112816 4.679308
v 26.301085 115.998634 1.613389
v 32.878067 106.102928 3.981781
v 36.152874 98.928200 2.933564
v 36.379250 104.630257 7.191991
v 37.879814 109.840401 3.854472
v 41.362000 99.963898 3.422015
v 34.783657 119.379547 1.137783
v 3.877076 181.468582 10.445844
v 6.331617 171.718445 10.844120
v 6.913340 178.903275 6.830683
v 24.000467 121.188141 0.293977
v 16.086452 68.362740 14.006140
v 17.979916 50.520935 9.101705
v 19.991360 40.180820 5.695282
v 14.547540 0.071663 -9.010146
v 17.757988 13.470319 -10.033279
v 15.003642 10.911435 -6.691415
v 16.948963 26.448059 -11.879806
v 11.314559 27.501007 -8.191832
v 14.245286 43.303188 -10.882283
v 8.923758 42.917934 -6.589850
v 14.898661 55.056747 -7.458010
v 8.934098 53.587051 -4.379508
v 9.201261 79.117302 -5.908423
v 4.890623 71.403671 -2.067526
v 7.236575 62.812351 -3.479245
v 13.148506 60.805553 -6.444515
v 21.453272 129.836716 3.869350
v 24.289248 132.092880 4.298128
v 24.450010 124.630302 3.497277
v 31.509502 124.581146 0.307195
v 28.035685 130.740250 1.294878
v 27.762384 125.032967 -6.615376
v 28.441990 129.866806 -3.493479
v 5.341603 130.104202 -9.414218
v 6.126209 121.887558 -8.285767
v 16.696508 133.464584 -1.828503
v 12.960238 129.728806 -5.367390
v 15.575409 129.521286 2.302086
v 19.380417 130.646393 -4.435939
v 25.040665 118.649529 -3.807840
v 23.940407 126.028542 -7.032931
v 16.761312 136.627243 -6.244201
v 22.914776 135.162476 -7.134260
v 17.299021 141.625595 -7.799748
v 5.107029 138.437698 -10.395219
v 5.591684 162.288528 6.574429
v 16.322426 23.471584 4.932882
v 13.559035 14.518494 1.007307
v 16.722338 8.603511 4.191983
v 17.951292 0.077596 3.695335
v 26.497217 1.090673 -4.184599
v 19.544863 0.166292 -2.047500
v 27.655010 0.307331 -1.357696
v 22.201410 9.038220 6.244484
v 28.321043 7.680165 4.245704
v 22.037722 0.329578 -11.933209
v 23.823507 0.018780 -8.059262
v 14.494069 0.540851 -5.570376
v 22.035023 23.896051 4.434307
v 20.346966 12.689648 4.113000
v 16.435225 0.388707 1.369804
v 35.998318 85.379295 12.542079
v 35.630257 89.632652 12.998987
v 37.218689 90.426659 13.589677
v 36.941410 85.722664 13.126040
v 36.506378 89.967155 11.150477
v 37.677666 89.954308 11.997441
v 40.520138 87.204773 0.675926
v 41.013023 84.174454 1.071907
v 41.007446 81.372063 11.377021
v 42.171967 87.551033 11.414037
v 42.820171 89.414551 9.968627
v 38.820271 95.500977 11.798096
v 38.848068 99.479576 10.570961
v 40.077698 90.266571 10.605431
v 40.099792 95.640739 10.802152
v 41.846218 93.369217 10.798340
v 40.596039 85.679390 10.583601
v 40.964027 81.804596 9.724126
v 42.163956 82.631012 10.471930
v 39.095745 79.773506 11.211203
v 40.141495 79.701622 10.878341
v 39.026405 79.732605 10.156610
v 40.917896 82.625946 7.030256
v 41.198494 83.192696 8.121216
v 39.113380 78.190857 8.507796
v 41.681862 81.534424 8.800442
v 42.320667 83.037239 6.915206
v 40.319538 78.171738 8.369946
v 41.561096 82.560677 6.424772
v 39.081161 78.088844 7.543802
v 42.508038 83.197075 4.283699
v 43.130470 86.674736 4.876178
v 41.416149 80.888687 5.552151
v 40.075893 78.818604 4.393334
v 38.948284 78.907440 4.376400
v 40.460754 81.587311 5.578126
v 38.996857 78.748955 5.284492
v 41.045475 83.467506 3.949693
v 40.924969 83.443855 2.796659
v 38.399548 80.793488 1.330586
v 38.827034 80.739479 2.488783
v 39.944126 85.548286 1.329221
v 42.067600 86.310875 5.482193
v 39.512558 92.902328 0.338140
v 41.702156 91.544380 0.861552
v 39.451874 100.664673 1.353504
v 42.766403 95.299278 7.712411
v 37.016857 96.347298 7.220178
v 38.274334 93.193161 8.991666
v 42.599518 87.924896 2.495581
v 41.843079 86.049141 2.955060
v 43.415348 90.217484 4.794536
v 42.848972 87.415642 5.892638
v 41.070446 84.884956 9.057489
v 42.479939 86.938301 8.416776
v 40.899082 85.379997 6.328519
v 40.730324 85.997841 7.645638
v 40.766506 85.837677 5.263061
v 41.091465 85.890335 3.108194
v 38.184322 92.065239 1.494511
v 39.402283 88.286415 2.999595
v 38.999462 88.882759 7.452571
v 42.719372 94.837929 3.546342
v 14.365325 133.111130 9.950747
v 17.371040 135.346970 2.319079
v 5.815883 146.460739 -9.909990
v 12.686341 146.665359 -8.753043
v 20.732458 138.645050 5.140432
v 23.372149 144.392578 0.535497
v 22.389416 143.289841 -5.317134
v 8.991402 142.840088 16.129082
v 8.565478 133.351593 17.563423
v 15.716448 144.770264 10.726096
v 6.759612 150.430069 13.126983
v 18.759781 151.886887 2.884055
v 17.264353 151.244125 -4.494880
v 12.759123 151.942215 7.891783
v 4.342619 164.020737 -2.705355
v 14.669365 121.510338 -2.660948
v 6.636577 80.302559 14.866320
v 12.902023 85.956200 16.690317
v 3.042359 82.473854 -3.040866
v 1.285133 86.025818 -4.191944
v 3.441876 89.482605 -8.936855
v 18.689869 61.602982 -5.451215
v 6.812675 85.870857 -6.946976
v 3.464217 88.706177 15.691244
v 1.113563 86.141747 9.253094
v 5.504068 102.705971 21.037294
v 8.415209 96.821167 18.341562
v 6.878075 112.886108 -8.282065
v 8.240196 121.159019 22.378633
v 7.502827 110.783318 22.783323
v 14.474192 83.109016 -5.412787
v 20.366751 71.295464 9.777035
v 17.744862 96.856346 12.813354
v 19.301643 92.428040 4.173419
v 20.916313 77.724045 4.519372
v 17.100191 123.160843 6.498587
v 13.787594 124.778534 15.408538
v 16.303570 116.252792 15.387624
v 13.730515 105.305923 16.014526
v 15.179322 114.019684 -2.675183
v 9.154439 96.364235 -11.507960
v 5.461372 103.171867 -11.150964
v 13.170408 89.982948 -7.564130
v 17.461576 94.657196 -2.401785
v 18.306789 85.829826 -0.928919
v 17.538132 116.269562 5.532546
v 17.499239 107.343620 5.956335
v 22.680464 63.116283 2.815125
v 21.639944 63.530029 -1.578133
v 21.527325 59.338547 7.955079
v 16.181244 57.845974 12.320697
v 20.135014 55.346607 -5.257312
v 22.187704 54.411243 -1.752973
v 0.622466 85.367867 3.500489
v 3.414121 74.981895 3.274669
v 5.058891 61.731564 1.397565
v 8.308722 46.081100 -0.668483
v 10.451794 25.670115 -3.184249
v 13.529758 9.873969 -2.528430
v 25.559507 11.547269 0.549622
v 24.996435 25.751284 0.981277
v 20.263651 45.669659 -10.346815
v 23.617159 44.160812 -6.066255
v 21.787367 30.671288 -11.279862
v 25.508026 28.153305 -6.841682
v 26.026508 26.748701 -2.235933
v 22.655298 12.538261 -10.208663
v 25.147673 10.735269 -7.322185
v 6.080981 160.188721 -2.384559
v 5.619625 160.469818 1.930375
v 8.770533 157.646194 -1.178972
v 7.598385 156.705444 -3.617303
v 4.832626 183.045883 5.516491
v 5.938198 153.906555 -7.066739
v 3.530383 157.036423 5.622278
v 7.036335 156.616455 3.458984
v 15.316572 105.129150 -5.251500
v 36.873489 98.654732 1.119189
v 40.879864 99.926277 8.224891
v 36.466625 99.409233 8.246374
v 2.105559 169.383499 14.129359
v 2.289808 173.334610 12.370525
v 6.125176 172.263992 -2.826107
v 7.624230 174.295532 0.104313
v 5.811078 173.658386 11.131883
v 4.791921 166.933014 12.059616
v 2.051520 166.969635 13.048432
v 6.295781 166.845337 8.391564
v 5.384950 163.861771 -0.366248
v 2.619068 166.538971 -5.326735
v 7.812571 167.153198 1.610950
v 3.190123 165.439743 12.495958
v 4.871699 163.939941 8.486105
v 6.264758 163.034454 6.799860
v 6.194532 164.408432 1.797003
v 2.578692 178.087906 13.297213
v 8.127029 172.366409 3.021238
v 7.236989 167.367508 3.840504
v 8.073863 175.152390 1.510416
v 7.914239 174.432678 2.923746
v 7.076453 167.741165 0.970477
v 7.384322 172.423950 -0.518493
v 8.929766 172.464142 1.274816
v 8.538445 175.115860 1.324968
v 8.111053 174.262695 -0.080988
v 8.613853 172.333572 2.835938
v 7.565609 168.612015 0.460082
v 7.764919 167.799515 3.846069
v 7.871147 172.391113 -0.703794
v 8.397762 174.402542 2.739439
v 7.532006 170.179977 5.083813
vt 0.002813 0.009307
vt 0.012450 0.002248
vt 0.012180 0.002590
vt 0.363126 0.271135
vt 0.362295 0.370329
vt 0.340744 0.271222
vt 0.730427 0.174452
vt 0.714475 0.134970
vt 0.748367 0.154050
vt 0.177420 0.549716
vt 0.251358 0.569663
vt 0.247723 0.616513
vt 0.771199 0.170121
vt 0.732373 0.197317
vt 0.700206 0.173272
vt 0.097541 0.814153
vt 0.061767 0.812701
vt 0.063826 0.783601
vt 0.921864 0.325582
vt 0.898922 0.368809
vt 0.902801 0.327944
vt 0.858978 0.252915
vt 0.855475 0.218003
vt 0.883309 0.229331
vt 0.894026 0.171611
vt 0.903997 0.221715
vt 0.874625 0.196425
vt 0.479795 0.209960
vt 0.467214 0.291477
vt 0.459871 0.161609
vt 0.493143 0.329062
vt 0.545086 0.315009
vt 0.567952 0.215618
vt 0.581370 0.274434
vt 0.444182 0.167210
vt 0.595564 0.201584
vt 0.606110 0.273810
vt 0.630788 0.176407
vt 0.608028 0.347605
vt 0.324956 0.343247
vt 0.316376 0.267384
vt 0.672958 0.153164
vt 0.659100 0.174674
vt 0.696476 0.197317
vt 0.125985 0.743671
vt 0.093057 0.731615
vt 0.134112 0.617572
vt 0.098773 0.615847
vt 0.112239 0.505394
vt 0.157290 0.426131
vt 0.152793 0.509013
vt 0.141624 0.226346
vt 0.168754 0.358068
vt 0.117462 0.373740
vt 0.542514 0.088376
vt 0.565158 0.082887
vt 0.541986 0.128368
vt 0.512495 0.152766
vt 0.486271 0.074690
vt 0.568756 0.163683
vt 0.595941 0.160669
vt 0.415956 0.173617
vt 0.437581 0.136426
vt 0.480467 0.164588
vt 0.457073 0.120595
vt 0.431595 0.059544
vt 0.345969 0.921038
vt 0.290573 0.938268
vt 0.257222 0.938474
vt 0.531464 0.556124
vt 0.545583 0.558849
vt 0.530484 0.589996
vt 0.352681 0.047860
vt 0.331901 0.123400
vt 0.329961 0.002212
vt 0.208747 0.697023
vt 0.245636 0.673344
vt 0.244596 0.695419
vt 0.760877 0.113021
vt 0.661371 0.057796
vt 0.699986 0.092829
vt 0.308946 0.128891
vt 0.311408 0.019862
vt 0.723866 0.048099
vt 0.728206 0.092108
vt 0.183660 0.754446
vt 0.250187 0.759356
vt 0.215187 0.773614
vt 0.661443 0.038306
vt 0.184538 0.666446
vt 0.780465 0.002017
vt 0.753096 0.020250
vt 0.751037 0.010003
vt 0.234271 0.093075
vt 0.223702 0.133443
vt 0.220754 0.094907
vt 0.966000 0.637510
vt 0.972068 0.602580
vt 0.984233 0.600486
vt 0.968664 0.704475
vt 0.977768 0.740693
vt 0.958705 0.722555
vt 0.919432 0.753288
vt 0.909701 0.727660
vt 0.941523 0.749294
vt 0.948106 0.782351
vt 0.983302 0.774679
vt 0.972782 0.785658
vt 0.973346 0.594687
vt 0.987974 0.585144
vt 0.975375 0.766277
vt 0.986591 0.772412
vt 0.984116 0.777414
vt 0.913633 0.588110
vt 0.925757 0.554603
vt 0.919672 0.590546
vt 0.952937 0.818480
vt 0.977006 0.819211
vt 0.976321 0.821620
vt 0.951145 0.823364
vt 0.980641 0.820599
vt 0.885288 0.602613
vt 0.889283 0.583494
vt 0.900678 0.623615
vt 0.876458 0.570565
vt 0.883055 0.565561
vt 0.914183 0.855884
vt 0.939844 0.875556
vt 0.893035 0.850453
vt 0.843129 0.592753
vt 0.859458 0.618124
vt 0.859003 0.636940
vt 0.850621 0.590014
vt 0.863536 0.599889
vt 0.860161 0.835906
vt 0.854203 0.875047
vt 0.847479 0.865376
vt 0.852989 0.825789
vt 0.934232 0.855581
vt 0.940027 0.871221
vt 0.874452 0.667925
vt 0.860163 0.679365
vt 0.946675 0.767076
vt 0.955267 0.681023
vt 0.948257 0.647140
vt 0.958109 0.702192
vt 0.934698 0.719191
vt 0.928716 0.692070
vt 0.899784 0.718695
vt 0.900969 0.684395
vt 0.811121 0.056270
vt 0.829107 0.029066
vt 0.832867 0.040649
vt 0.224775 0.062456
vt 0.237180 0.036220
vt 0.452975 0.351118
vt 0.431241 0.357476
vt 0.443236 0.285828
vt 0.476306 0.354116
vt 0.575771 0.362274
vt 0.851226 0.745704
vt 0.869508 0.726902
vt 0.871061 0.737435
vt 0.884709 0.635264
vt 0.953427 0.807147
vt 0.964195 0.804905
vt 0.913486 0.625923
vt 0.907938 0.614346
vt 0.938341 0.623554
vt 0.933534 0.581080
vt 0.907430 0.654648
vt 0.947456 0.609229
vt 0.928208 0.815529
vt 0.931605 0.827204
vt 0.909782 0.783462
vt 0.932859 0.801999
vt 0.936243 0.789536
vt 0.890124 0.841982
vt 0.874000 0.862483
vt 0.842561 0.787328
vt 0.856985 0.776128
vt 0.833313 0.749345
vt 0.879392 0.620865
vt 0.916788 0.824009
vt 0.878518 0.809358
vt 0.872356 0.721111
vt 0.533235 0.364327
vt 0.515285 0.287735
vt 0.472286 0.025333
vt 0.501679 0.039280
vt 0.892700 0.749953
vt 0.363721 0.979703
vt 0.306498 0.983122
vt 0.313829 0.961128
vt 0.564444 0.026432
vt 0.595412 0.107664
vt 0.625274 0.114699
vt 0.613672 0.002118
vt 0.655678 0.010747
vt 0.402695 0.002513
vt 0.402788 0.111334
vt 0.444509 0.006646
vt 0.522506 0.028275
vt 0.545746 0.832317
vt 0.621177 0.771653
vt 0.690783 0.827757
vt 0.610613 0.699152
vt 0.543907 0.655985
vt 0.579069 0.628820
vt 0.430055 0.824804
vt 0.493093 0.785516
vt 0.497801 0.830185
vt 0.522492 0.715296
vt 0.492623 0.629034
vt 0.179359 0.922514
vt 0.187954 0.997388
vt 0.139928 0.954637
vt 0.222104 0.968587
vt 0.542971 0.775650
vt 0.412126 0.772395
vt 0.426089 0.801740
vt 0.512598 0.503323
vt 0.541083 0.526763
vt 0.521909 0.526025
vt 0.906064 0.262540
vt 0.879202 0.263769
vt 0.232624 0.844479
vt 0.292451 0.853909
vt 0.350852 0.862683
vt 0.413580 0.872472
vt 0.412797 0.921348
vt 0.368605 0.446308
vt 0.418897 0.515024
vt 0.383282 0.547945
vt 0.331185 0.461897
vt 0.201261 0.137738
vt 0.203584 0.171418
vt 0.178191 0.137370
vt 0.156157 0.169286
vt 0.413339 0.735989
vt 0.381144 0.735859
vt 0.371694 0.683834
vt 0.347809 0.589653
vt 0.414063 0.627936
vt 0.439245 0.593410
vt 0.197238 0.202132
vt 0.078484 0.366913
vt 0.098180 0.201096
vt 0.301641 0.656733
vt 0.262353 0.513516
vt 0.295978 0.469904
vt 0.680608 0.670119
vt 0.634826 0.648866
vt 0.678652 0.729887
vt 0.710545 0.780145
vt 0.783143 0.782488
vt 0.737219 0.726969
vt 0.812868 0.722987
vt 0.830609 0.788754
vt 0.494905 0.876182
vt 0.189929 0.085646
vt 0.146851 0.053249
vt 0.175251 0.032739
vt 0.105344 0.145667
vt 0.135890 0.096632
vt 0.462461 0.989233
vt 0.411005 0.992302
vt 0.800907 0.658492
vt 0.253604 0.723768
vt 0.316166 0.728129
vt 0.014593 0.143942
vt 0.076500 0.049239
vt 0.057866 0.119863
vt 0.127507 0.020278
vt 0.527635 0.997717
vt 0.477903 0.927183
vt 0.531033 0.927848
vt 0.522865 0.834821
vt 0.467286 0.836909
vt 0.268291 0.412298
vt 0.024416 0.355848
vt 0.056464 0.185480
vt 0.051487 0.354638
vt 0.297545 0.395375
vt 0.273101 0.342793
vt 0.298633 0.325149
vt 0.329250 0.395343
vt 0.111858 0.421884
vt 0.073772 0.417492
vt 0.051173 0.420906
vt 0.026439 0.427302
vt 0.402251 0.411002
vt 0.545929 0.165700
vt 0.543074 0.230851
vt 0.513699 0.192126
vt 0.826641 0.002017
vt 0.782963 0.017760
vt 0.020032 0.252174
vt 0.455322 0.499123
vt 0.404528 0.289927
vt 0.379787 0.139015
vt 0.239865 0.729821
vt 0.259087 0.197044
vt 0.234531 0.267409
vt 0.207535 0.366675
vt 0.184095 0.289875
vt 0.186312 0.483491
vt 0.154536 0.626943
vt 0.155436 0.749400
vt 0.149960 0.812451
vt 0.169666 0.805388
vt 0.178705 0.736754
vt 0.180208 0.684889
vt 0.778478 0.066205
vt 0.814969 0.131381
vt 0.285985 0.135248
vt 0.280644 0.019849
vt 0.080837 0.502997
vt 0.050660 0.501871
vt 0.074091 0.603830
vt 0.048162 0.609631
vt 0.025592 0.619367
vt 0.061912 0.738661
vt 0.274630 0.143410
vt 0.253930 0.022054
vt 0.831849 0.116472
vt 0.031338 0.811945
vt 0.043822 0.741912
vt 0.002489 0.797118
vt 0.472787 0.735755
vt 0.448020 0.677243
vt 0.865214 0.360276
vt 0.880152 0.329437
vt 0.855414 0.148059
vt 0.839482 0.178682
vt 0.830879 0.212780
vt 0.506059 0.450526
vt 0.478062 0.419063
vt 0.506150 0.445865
vt 0.859464 0.328842
vt 0.845926 0.390559
vt 0.868286 0.403072
vt 0.126946 0.864089
vt 0.149179 0.852535
vt 0.183923 0.841017
vt 0.900487 0.410320
vt 0.221498 0.892084
vt 0.833801 0.345350
vt 0.837549 0.322423
vt 0.822157 0.380053
vt 0.543909 0.473701
vt 0.540375 0.444573
vt 0.566881 0.442140
vt 0.050460 0.007615
vt 0.022003 0.002329
vt 0.050202 0.007230
vt 0.221426 0.547896
vt 0.922996 0.368557
vt 0.545634 0.410823
vt 0.473022 0.514057
vt 0.477025 0.501069
vt 0.132432 0.814966
vt 0.273544 0.811579
vt 0.749196 0.054398
vt 0.726136 0.025431
vt 0.234601 0.130236
vt 0.783018 0.035475
vt 0.253930 0.103662
vt 0.891115 0.729171
vt 0.984468 0.580040
vt 0.942219 0.870576
vt 0.943401 0.857862
vt 0.253930 0.059527
vt 0.555423 0.368712
vt 0.826864 0.753137
vt 0.513871 0.417270
vt 0.479503 0.379385
vt 0.515140 0.381039
vt 0.508899 0.470401
vt 0.536280 0.480990
vt 0.552486 0.501303
vt 0.531369 0.542942
vt 0.481247 0.549640
vt 0.510908 0.573059
vt 0.483375 0.586929
vt 0.454283 0.611348
vt 0.774382 0.824428
vt 0.254040 0.617108
vt 0.733445 0.670981
vt 0.002236 0.031880
vt 0.472155 0.571316
vt 0.436021 0.399866
vt 0.374808 0.010073
vt 0.725264 0.002228
vt 0.100865 0.865297
vt 0.518381 0.455020
vt 0.567795 0.467156
vt 0.834688 0.820603
vt 0.933233 0.407931
vt 0.928543 0.212622
vt 0.933754 0.261278
vt 0.540739 0.376154
vt 0.207406 0.801862
vt 0.032768 0.009561
vt 0.247927 0.153838
vt 0.441668 0.647562
vt 0.502872 0.615131
vt 0.924355 0.312110
vt 0.903798 0.313227
vt 0.269674 0.176594
vt 0.474447 0.596774
vt 0.061976 0.002602
vt 0.551830 0.485231
vt 0.556752 0.535807
vt 0.565701 0.504456
vt 0.853598 0.298530
vt 0.840630 0.303575
vt 0.852569 0.293209
vt 0.850265 0.246649
vt 0.850267 0.246638
vt 0.489556 0.488962
vt 0.566793 0.485011
vt 0.489190 0.471492
vt 0.475751 0.442192
vt 0.473852 0.461207
vt 0.842868 0.249119
vt 0.847016 0.264511
vt 0.488133 0.473090
vt 0.861910 0.263961
vt 0.861910 0.263961
vt 0.473023 0.514061
vt 0.477025 0.501069
vt 0.858978 0.252915
vt 0.842863 0.249138
vt 0.469915 0.500616
vt 0.012180 0.002590
vt 0.363126 0.271135
vt 0.340744 0.271222
vt 0.362295 0.370329
vt 0.730427 0.174452
vt 0.748367 0.154050
vt 0.714475 0.134970
vt 0.177420 0.549716
vt 0.247723 0.616513
vt 0.251358 0.569663
vt 0.732373 0.197317
vt 0.771199 0.170121
vt 0.700206 0.173272
vt 0.097541 0.814153
vt 0.063826 0.783601
vt 0.061767 0.812701
vt 0.902801 0.327944
vt 0.898922 0.368809
vt 0.858978 0.252915
vt 0.883309 0.229331
vt 0.855475 0.218003
vt 0.874625 0.196425
vt 0.903997 0.221715
vt 0.479795 0.209960
vt 0.459871 0.161609
vt 0.467214 0.291477
vt 0.493143 0.329062
vt 0.545086 0.315009
vt 0.581370 0.274434
vt 0.567952 0.215618
vt 0.444182 0.167210
vt 0.595564 0.201584
vt 0.606110 0.273810
vt 0.630788 0.176407
vt 0.608028 0.347605
vt 0.316376 0.267384
vt 0.324956 0.343247
vt 0.672958 0.153164
vt 0.659100 0.174674
vt 0.696476 0.197317
vt 0.125985 0.743671
vt 0.093057 0.731615
vt 0.134112 0.617572
vt 0.098773 0.615847
vt 0.112239 0.505394
vt 0.152793 0.509013
vt 0.157290 0.426131
vt 0.141624 0.226346
vt 0.117462 0.373740
vt 0.168754 0.358068
vt 0.542514 0.088376
vt 0.541986 0.128368
vt 0.565158 0.082887
vt 0.486271 0.074690
vt 0.512495 0.152766
vt 0.595941 0.160669
vt 0.568756 0.163683
vt 0.437581 0.136426
vt 0.415956 0.173617
vt 0.480467 0.164588
vt 0.457073 0.120595
vt 0.431595 0.059544
vt 0.345969 0.921038
vt 0.257222 0.938474
vt 0.290573 0.938268
vt 0.531464 0.556124
vt 0.352681 0.047860
vt 0.331901 0.123400
vt 0.329961 0.002212
vt 0.208747 0.697023
vt 0.244596 0.695419
vt 0.245636 0.673344
vt 0.760877 0.113021
vt 0.661371 0.057796
vt 0.699986 0.092829
vt 0.308946 0.128891
vt 0.311408 0.019862
vt 0.723866 0.048099
vt 0.728206 0.092108
vt 0.183660 0.754446
vt 0.215187 0.773614
vt 0.250187 0.759356
vt 0.661443 0.038306
vt 0.184538 0.666446
vt 0.780465 0.002017
vt 0.751037 0.010003
vt 0.753096 0.020250
vt 0.234271 0.093075
vt 0.220754 0.094907
vt 0.223702 0.133443
vt 0.966000 0.637510
vt 0.984233 0.600486
vt 0.972068 0.602580
vt 0.968664 0.704475
vt 0.958705 0.722555
vt 0.977768 0.740693
vt 0.919432 0.753288
vt 0.941523 0.749294
vt 0.909701 0.727660
vt 0.948106 0.782351
vt 0.972782 0.785658
vt 0.983302 0.774679
vt 0.973346 0.594687
vt 0.987974 0.585144
vt 0.975375 0.766277
vt 0.986591 0.772412
vt 0.984116 0.777414
vt 0.913633 0.588110
vt 0.919672 0.590546
vt 0.925757 0.554603
vt 0.952937 0.818480
vt 0.976321 0.821620
vt 0.977006 0.819211
vt 0.951145 0.823364
vt 0.980641 0.820599
vt 0.885288 0.602613
vt 0.900678 0.623615
vt 0.889283 0.583494
vt 0.876458 0.570565
vt 0.883055 0.565561
vt 0.914183 0.855884
vt 0.893035 0.850453
vt 0.939844 0.875556
vt 0.843129 0.592753
vt 0.859003 0.636940
vt 0.859458 0.618124
vt 0.863536 0.599889
vt 0.850621 0.590014
vt 0.860161 0.835906
vt 0.847479 0.865376
vt 0.854203 0.875047
vt 0.852989 0.825789
vt 0.934232 0.855581
vt 0.940027 0.871221
vt 0.860163 0.679365
vt 0.874452 0.667925
vt 0.946675 0.767076
vt 0.955267 0.681023
vt 0.948257 0.647140
vt 0.958109 0.702192
vt 0.934698 0.719191
vt 0.928716 0.692070
vt 0.900969 0.684395
vt 0.899784 0.718695
vt 0.811121 0.056270
vt 0.832867 0.040649
vt 0.829107 0.029066
vt 0.237180 0.036220
vt 0.224775 0.062456
vt 0.452975 0.351118
vt 0.443236 0.285828
vt 0.431241 0.357476
vt 0.476306 0.354116
vt 0.575771 0.362274
vt 0.851226 0.745704
vt 0.871061 0.737435
vt 0.869508 0.726902
vt 0.884709 0.635264
vt 0.953427 0.807147
vt 0.964195 0.804905
vt 0.913486 0.625923
vt 0.907938 0.614346
vt 0.938341 0.623554
vt 0.933534 0.581080
vt 0.907430 0.654648
vt 0.947456 0.609229
vt 0.928208 0.815529
vt 0.931605 0.827204
vt 0.909782 0.783462
vt 0.932859 0.801999
vt 0.936243 0.789536
vt 0.874000 0.862483
vt 0.890124 0.841982
vt 0.842561 0.787328
vt 0.856985 0.776128
vt 0.833313 0.749345
vt 0.879392 0.620865
vt 0.916788 0.824009
vt 0.878518 0.809358
vt 0.872356 0.721111
vt 0.515285 0.287735
vt 0.533235 0.364327
vt 0.472286 0.025333
vt 0.501679 0.039280
vt 0.892700 0.749953
vt 0.363721 0.979703
vt 0.313829 0.961128
vt 0.306498 0.983122
vt 0.564444 0.026432
vt 0.595412 0.107664
vt 0.625274 0.114699
vt 0.655678 0.010747
vt 0.613672 0.002118
vt 0.402695 0.002513
vt 0.402788 0.111334
vt 0.444509 0.006646
vt 0.522506 0.028275
vt 0.621177 0.771653
vt 0.610613 0.699152
vt 0.579069 0.628820
vt 0.543907 0.655985
vt 0.493093 0.785516
vt 0.522492 0.715296
vt 0.492623 0.629034
vt 0.179359 0.922514
vt 0.139928 0.954637
vt 0.187954 0.997388
vt 0.222104 0.968587
vt 0.542971 0.775650
vt 0.412126 0.772395
vt 0.426089 0.801740
vt 0.512598 0.503323
vt 0.521909 0.526025
vt 0.541083 0.526763
vt 0.879202 0.263769
vt 0.906064 0.262540
vt 0.292451 0.853909
vt 0.232624 0.844479
vt 0.350852 0.862683
vt 0.412797 0.921348
vt 0.413580 0.872472
vt 0.368605 0.446308
vt 0.383282 0.547945
vt 0.418897 0.515024
vt 0.331185 0.461897
vt 0.201261 0.137738
vt 0.178191 0.137370
vt 0.203584 0.171418
vt 0.156157 0.169286
vt 0.371694 0.683834
vt 0.381144 0.735859
vt 0.347809 0.589653
vt 0.414063 0.627936
vt 0.439245 0.593410
vt 0.197238 0.202132
vt 0.098180 0.201096
vt 0.078484 0.366913
vt 0.301641 0.656733
vt 0.295978 0.469904
vt 0.262353 0.513516
vt 0.680608 0.670119
vt 0.634826 0.648866
vt 0.710545 0.780145
vt 0.678652 0.729887
vt 0.783143 0.782488
vt 0.812868 0.722987
vt 0.737219 0.726969
vt 0.830609 0.788754
vt 0.494905 0.876182
vt 0.146851 0.053249
vt 0.135890 0.096632
vt 0.105344 0.145667
vt 0.411005 0.992302
vt 0.462461 0.989233
vt 0.800907 0.658492
vt 0.253604 0.723768
vt 0.316166 0.728129
vt 0.014593 0.143942
vt 0.057866 0.119863
vt 0.076500 0.049239
vt 0.127507 0.020278
vt 0.527635 0.997717
vt 0.531033 0.927848
vt 0.477903 0.927183
vt 0.268291 0.412298
vt 0.024416 0.355848
vt 0.051487 0.354638
vt 0.056464 0.185480
vt 0.297545 0.395375
vt 0.298633 0.325149
vt 0.273101 0.342793
vt 0.329250 0.395343
vt 0.111858 0.421884
vt 0.073772 0.417492
vt 0.026439 0.427302
vt 0.051173 0.420906
vt 0.402251 0.411002
vt 0.545929 0.165700
vt 0.543074 0.230851
vt 0.513699 0.192126
vt 0.826641 0.002017
vt 0.782963 0.017760
vt 0.020032 0.252174
vt 0.455322 0.499123
vt 0.404528 0.289927
vt 0.379787 0.139015
vt 0.239865 0.729821
vt 0.234531 0.267409
vt 0.259087 0.197044
vt 0.207535 0.366675
vt 0.184095 0.289875
vt 0.186312 0.483491
vt 0.154536 0.626943
vt 0.155436 0.749400
vt 0.149960 0.812451
vt 0.169666 0.805388
vt 0.180208 0.684889
vt 0.178705 0.736754
vt 0.778478 0.066205
vt 0.814969 0.131381
vt 0.285985 0.135248
vt 0.280644 0.019849
vt 0.080837 0.502997
vt 0.050660 0.501871
vt 0.074091 0.603830
vt 0.025592 0.619367
vt 0.048162 0.609631
vt 0.061912 0.738661
vt 0.274630 0.143410
vt 0.253930 0.022054
vt 0.831849 0.116472
vt 0.031338 0.811945
vt 0.002489 0.797118
vt 0.043822 0.741912
vt 0.472787 0.735755
vt 0.448020 0.677243
vt 0.880152 0.329437
vt 0.865214 0.360276
vt 0.839482 0.178682
vt 0.830879 0.212780
vt 0.506059 0.450526
vt 0.506150 0.445865
vt 0.478062 0.419063
vt 0.859464 0.328842
vt 0.845926 0.390559
vt 0.868286 0.403072
vt 0.126946 0.864089
vt 0.183923 0.841017
vt 0.149179 0.852535
vt 0.900487 0.410320
vt 0.221498 0.892084
vt 0.833801 0.345350
vt 0.837549 0.322423
vt 0.822157 0.380053
vt 0.543909 0.473701
vt 0.540375 0.444573
vt 0.050202 0.007230
vt 0.221426 0.547896
vt 0.477025 0.501069
vt 0.473022 0.514057
vt 0.132432 0.814966
vt 0.749196 0.054398
vt 0.726136 0.025431
vt 0.234601 0.130236
vt 0.783018 0.035475
vt 0.253930 0.103662
vt 0.891115 0.729171
vt 0.984468 0.580040
vt 0.942219 0.870576
vt 0.943401 0.857862
vt 0.253930 0.059527
vt 0.555423 0.368712
vt 0.826864 0.753137
vt 0.513871 0.417270
vt 0.515140 0.381039
vt 0.479503 0.379385
vt 0.536280 0.480990
vt 0.508899 0.470401
vt 0.552486 0.501303
vt 0.481247 0.549640
vt 0.531369 0.542942
vt 0.510908 0.573059
vt 0.483375 0.586929
vt 0.454283 0.611348
vt 0.254040 0.617108
vt 0.733445 0.670981
vt 0.002236 0.031880
vt 0.472155 0.571316
vt 0.436021 0.399866
vt 0.374808 0.010073
vt 0.725264 0.002228
vt 0.473852 0.461207
vt 0.488133 0.473090
vt 0.489190 0.471492
vt 0.100865 0.865297
vt 0.518381 0.455020
vt 0.903798 0.313227
vt 0.551830 0.485231
vt 0.850265 0.246649
vt 0.850267 0.246638
vt 0.853598 0.298530
vt 0.489556 0.488962
vt 0.475751 0.442192
vt 0.840630 0.303575
vt 0.842868 0.249119
vt 0.847016 0.264511
vt 0.861910 0.263961
vt 0.852569 0.293209
vt 0.473023 0.514061
vt 0.858978 0.252915
vt 0.842863 0.249138
vt 0.477025 0.501069
vt 0.469915 0.500616
vt 0.861910 0.263961
vn 0.0750 -0.4740 -0.8773
vn 0.6139 -0.3769 0.6936
vn -0.3742 0.9272 -0.0167
vn 0.0361 -0.9982 -0.0485
vn -0.9691 0.0403 -0.2433
vn -0.7534 0.2694 0.5999
vn 0.0648 0.0503 -0.9966
vn -0.2480 -0.0136 -0.9687
vn -0.9311 0.0910 -0.3532
vn -0.3247 0.8553 -0.4038
vn 0.4691 -0.5713 -0.6735
vn 0.2478 -0.4168 -0.8746
vn -0.5855 0.3109 0.7486
vn -0.0291 -0.3807 -0.9242
vn -0.7140 0.3962 0.5773
vn -0.9143 0.2333 -0.3312
vn -0.8946 0.3287 -0.3027
vn -0.0446 -0.3047 0.9514
vn 0.0498 0.8801 0.4722
vn -0.3069 0.2869 0.9075
vn 0.7986 0.0808 -0.5964
vn 0.5610 -0.1508 -0.8140
vn 0.5524 -0.0393 -0.8327
vn 0.6268 0.1586 -0.7628
vn 0.4673 -0.0749 -0.8809
vn 0.0642 -0.1078 0.9921
vn 0.9162 -0.3503 0.1945
vn -0.5584 0.4616 0.6893
vn -0.6022 0.2194 -0.7676
vn 0.5972 -0.3943 -0.6985
vn -0.0860 -0.0862 -0.9926
vn -0.1089 0.0012 -0.9941
vn -0.3643 -0.3122 -0.8774
vn 0.0548 0.3513 0.9346
vn 0.6688 -0.1156 0.7344
vn 0.7558 -0.0529 0.6526
vn -0.0407 -0.9585 -0.2823
vn -0.5734 0.6773 0.4609
vn 0.8987 -0.1099 0.4245
vn -0.0916 -0.0654 0.9936
vn -0.0754 -0.0476 0.9960
vn 0.3224 0.5979 0.7339
vn 0.0879 -0.9471 -0.3087
vn 0.8372 -0.1513 0.5256
vn -0.0401 -0.9987 0.0316
vn 0.4857 -0.1348 0.8637
vn -0.5562 -0.3031 -0.7738
vn -0.6980 -0.1358 0.7031
vn 0.6848 0.2191 0.6950
vn 0.2582 0.0874 0.9621
vn 0.4963 -0.1672 -0.8519
vn -0.6805 -0.5387 -0.4966
vn -0.2538 -0.3952 0.8828
vn 0.0551 -0.9976 0.0423
vn -0.6664 -0.4515 -0.5934
vn 0.9272 0.3744 -0.0086
vn 0.6633 0.1865 -0.7247
vn 0.0037 -0.9944 0.1054
vn -0.9022 -0.2243 0.3685
vn -0.8646 -0.4837 -0.1360
vn -0.5098 -0.6473 0.5667
vn 0.9322 0.1636 -0.3229
vn -0.0574 -0.1202 -0.9911
vn -0.7842 -0.5847 -0.2076
vn 0.8933 0.2903 0.3432
vn 0.9496 0.3085 -0.0551
vn 0.8889 0.4248 0.1713
vn -0.2215 -0.0186 -0.9750
vn 0.4171 -0.0514 0.9074
vn -0.8519 0.1021 0.5136
vn -0.7022 0.2687 0.6593
vn -0.9662 0.2549 -0.0391
vn -0.4712 -0.7240 0.5037
vn 0.0967 -0.5164 -0.8509
vn -0.7493 0.1206 -0.6511
vn -0.1956 -0.1377 -0.9710
vn -0.2849 0.4575 0.8423
vn 0.9129 -0.2464 -0.3254
vn 0.9767 -0.2009 0.0759
vn -0.9295 -0.3542 -0.1026
vn 0.4123 0.2398 0.8789
vn -0.5411 -0.6012 0.5880
vn -0.9658 -0.1266 0.2264
vn -0.9624 -0.0833 -0.2584
vn -0.6094 -0.1878 -0.7703
vn -0.6356 -0.2678 -0.7241
vn 0.9733 0.0505 0.2241
vn 0.5009 -0.1467 -0.8530
vn 0.9256 -0.1063 0.3632
vn 0.8854 -0.0699 0.4595
vn -0.0696 -0.3404 -0.9377
vn 0.8393 -0.0121 0.5436
vn 0.5978 -0.1414 -0.7891
vn 0.5879 -0.1621 -0.7926
vn -0.2257 -0.1382 0.9644
vn -0.3082 -0.3417 -0.8878
vn 0.9882 -0.0333 -0.1498
vn 0.1960 0.0865 0.9768
vn 0.8579 -0.5133 0.0215
vn 0.8068 -0.5750 -0.1357
vn 0.6989 -0.4682 0.5407
vn -0.9895 0.1418 -0.0269
vn -0.7527 0.2192 -0.6208
vn 0.6357 0.1426 0.7587
vn 0.9008 -0.4245 0.0916
vn 0.8180 -0.4619 -0.3428
vn -0.9284 0.0401 -0.3694
vn 0.9459 -0.3218 -0.0425
vn 0.9579 -0.2617 0.1182
vn 0.9660 -0.2553 0.0410
vn 0.8570 -0.2950 0.4226
vn -0.9554 -0.2944 -0.0218
vn -0.6596 0.2678 0.7023
vn -0.8998 0.3756 -0.2219
vn -0.6670 0.2034 -0.7168
vn 0.2007 -0.2714 -0.9413
vn 0.6744 -0.7320 0.0970
vn 0.2284 0.1031 0.9681
vn -0.3989 0.2790 0.8735
vn -0.6770 -0.7341 0.0516
vn -0.1180 0.7645 0.6338
vn -0.7966 0.1103 0.5944
vn -0.8015 0.5595 -0.2112
vn -0.3341 0.3074 -0.8910
vn -0.7951 0.0556 0.6040
vn -0.4014 0.7662 0.5018
vn -0.3355 -0.0495 0.9407
vn -0.7093 0.5545 -0.4352
vn -0.8388 0.0025 -0.5445
vn -0.1976 0.0418 -0.9794
vn -0.4303 -0.3288 -0.8407
vn -0.5378 -0.1607 -0.8276
vn 0.8309 -0.1796 0.5266
vn -0.0054 -0.0676 0.9977
vn 0.0763 -0.7891 -0.6095
vn 0.3430 -0.6782 -0.6500
vn -0.2175 -0.3155 0.9237
vn 0.1643 -0.2142 0.9629
vn 0.1477 -0.1517 0.9773
vn 0.8240 -0.3544 0.4420
vn 0.5349 -0.3101 -0.7860
vn -0.0804 0.0175 -0.9966
vn -0.9775 0.0770 0.1963
vn -0.9433 0.0911 -0.3192
vn -0.9666 0.2540 0.0337
vn -0.6903 0.2498 0.6791
vn -0.6810 -0.1187 0.7226
vn -0.5647 -0.3055 0.7667
vn -0.5079 0.0794 0.8577
vn -0.7099 0.2078 0.6729
vn -0.5507 0.0457 -0.8334
vn -0.0178 0.0030 -0.9998
vn -0.1474 -0.4512 -0.8802
vn -0.0896 -0.2820 -0.9552
vn -0.9572 0.0989 -0.2719
vn -0.9175 0.2700 0.2921
vn -0.9300 -0.2010 0.3077
vn -0.8815 0.2727 0.3855
vn -0.9650 0.1368 -0.2237
vn -0.7352 -0.0336 -0.6770
vn -0.4777 0.1840 -0.8590
vn -0.9760 0.0744 -0.2048
vn -0.1498 0.2472 -0.9573
vn -0.5194 0.2452 -0.8186
vn -0.9723 0.0924 0.2146
vn -0.9651 0.1505 -0.2144
vn -0.7815 -0.0292 -0.6232
vn -0.9628 -0.0571 0.2643
vn 0.1213 -0.4242 0.8974
vn 0.4617 0.0158 -0.8869
vn -0.3839 0.0601 -0.9214
vn -0.9783 0.0501 -0.2010
vn 0.7548 -0.2983 0.5842
vn -0.0422 -0.1577 0.9866
vn -0.6593 0.2587 0.7060
vn 0.0422 -0.1075 0.9933
vn 0.5639 -0.5219 0.6400
vn 0.9046 -0.4250 0.0337
vn -0.8698 0.4932 -0.0162
vn 0.0400 0.1514 0.9877
vn 0.5451 -0.1534 0.8242
vn 0.7896 -0.6034 -0.1115
vn 0.4919 0.4143 0.7658
vn -0.6552 -0.0225 0.7551
vn -0.7151 -0.0370 0.6981
vn -0.6894 -0.1863 0.7000
vn -0.8683 0.0616 -0.4922
vn -0.9460 0.0966 -0.3094
vn 0.9520 -0.2717 0.1409
vn 0.9856 -0.1280 0.1105
vn 0.9149 -0.2987 0.2716
vn 0.9213 -0.1174 0.3707
vn -0.1750 -0.9733 0.1485
vn 0.9392 -0.2473 -0.2381
vn 0.9739 -0.0914 -0.2079
vn 0.8991 -0.1316 -0.4176
vn 0.9773 -0.0783 -0.1970
vn 0.9090 -0.1925 -0.3698
vn 0.9478 -0.1830 0.2611
vn 0.0729 -0.9973 -0.0015
vn -0.3469 0.7656 0.5418
vn -0.8803 0.2341 -0.4127
vn -0.6056 -0.0494 0.7942
vn -0.5452 -0.1060 0.8316
vn -0.3263 0.4434 -0.8348
vn -0.8564 0.2971 -0.4223
vn -0.0618 0.0682 -0.9958
vn -0.9894 0.1251 -0.0732
vn -0.1660 -0.0502 -0.9849
vn 0.1856 0.1933 -0.9634
vn -0.9420 0.0789 0.3261
vn -0.9924 0.0358 0.1176
vn -0.9219 0.2253 -0.3151
vn -0.9958 0.0888 -0.0238
vn -0.7937 0.1226 -0.5958
vn -0.9563 0.0395 -0.2897
vn -0.7576 0.0023 -0.6527
vn -0.2443 0.4179 0.8750
vn -0.5004 0.4888 0.7146
vn -0.3573 0.8348 0.4189
vn -0.6046 0.2100 -0.7683
vn -0.2684 0.9633 0.0049
vn -0.8569 0.4854 0.1734
vn -0.6715 -0.6886 0.2737
vn -0.8609 0.3605 -0.3591
vn -0.6973 0.4892 -0.5239
vn -0.5456 0.8181 -0.1818
vn -0.3105 0.6595 -0.6846
vn -0.4427 0.5801 -0.6838
vn -0.2993 0.4720 -0.8293
vn -0.9380 -0.1475 -0.3137
vn -0.9863 0.1337 0.0967
vn -0.5448 0.7521 0.3707
vn -0.5919 -0.3199 0.7398
vn -0.0748 -0.9788 0.1906
vn 0.8232 -0.1692 0.5420
vn 0.7667 -0.3145 0.5597
vn -0.3412 0.9073 0.2455
vn 0.8619 0.0704 0.5022
vn 0.0536 -0.9959 -0.0733
vn -0.9813 -0.0705 -0.1794
vn -0.7709 0.3283 0.5458
vn -0.2639 -0.0023 -0.9645
vn -0.1768 -0.9839 -0.0241
vn -0.8906 -0.0011 -0.4548
vn -0.0179 0.2313 0.9727
vn -0.6787 0.0202 -0.7341
vn 0.8064 -0.5719 -0.1502
vn -0.4270 -0.2090 -0.8798
vn 0.1453 0.2073 0.9674
vn 0.9004 -0.4247 0.0939
vn -0.9667 0.1104 0.2310
vn -0.9398 0.2341 -0.2489
vn 0.7050 -0.1817 0.6855
vn 0.5501 -0.1699 0.8176
vn 0.6626 -0.1052 0.7416
vn 0.0479 -0.2759 0.9600
vn 0.2686 0.8871 0.3753
vn -0.0011 0.5623 0.8269
vn 0.6535 0.1845 -0.7341
vn 0.6676 -0.2130 -0.7134
vn 0.6270 -0.0163 -0.7788
vn 0.4932 0.2685 -0.8274
vn 0.6223 -0.0415 -0.7817
vn 0.6937 -0.4400 0.5702
vn -0.5741 0.5170 0.6349
vn -0.8456 0.5043 -0.1750
vn -0.7995 -0.5278 -0.2869
vn 0.9156 -0.4017 0.0164
vn 0.7452 -0.4695 -0.4736
vn 0.0121 -0.0718 -0.9973
vn 0.1496 -0.0278 -0.9884
vn -0.7113 0.3080 -0.6318
vn -0.8059 -0.4869 -0.3369
vn -0.0042 -0.0789 -0.9969
vn 0.6319 -0.1231 0.7652
vn 0.8736 -0.1528 0.4620
vn -0.0183 -0.9998 -0.0104
vn -0.3200 0.8614 0.3944
vn -0.0474 -0.9989 -0.0062
vn -0.8698 0.0736 -0.4879
vn 0.9987 0.0467 -0.0219
vn -0.0702 -0.0608 0.9957
vn -0.0900 -0.0421 0.9951
vn 0.3540 0.3309 0.8748
vn 0.3511 0.6064 0.7135
vn 0.1261 -0.9907 -0.0503
vn -0.0870 -0.9869 0.1360
vn 0.8298 -0.1552 0.5361
vn 0.3145 -0.0747 0.9463
vn -0.5783 -0.2948 -0.7607
vn -0.9503 -0.0855 0.2993
vn 0.9010 -0.0315 -0.4327
vn -0.9394 -0.0659 0.3363
vn 0.0451 -0.0364 0.9983
vn 0.5537 0.0994 0.8268
vn 0.9053 0.1896 -0.3801
vn -0.8009 -0.5092 0.3150
vn -0.4399 -0.5582 -0.7035
vn 0.7280 0.6852 0.0213
vn 0.2149 0.1570 0.9639
vn 0.9214 0.3869 0.0360
vn -0.9261 -0.3769 0.0134
vn -0.5127 -0.4649 -0.7218
vn -0.1092 -0.1696 0.9794
vn -0.4682 -0.2811 -0.8377
vn 0.8870 0.4445 0.1250
vn -0.0073 -0.0965 -0.9953
vn 0.0350 -0.0849 0.9958
vn 0.0749 -0.9830 -0.1675
vn -0.7429 -0.5974 -0.3021
vn 0.5195 0.3125 0.7953
vn -0.5075 -0.0499 0.8602
vn -0.0336 0.0089 0.9994
vn -0.3697 -0.0610 -0.9272
vn -0.9182 0.1491 0.3670
vn -0.9254 0.3667 0.0958
vn 0.9612 -0.0848 -0.2625
vn -0.9790 -0.2025 -0.0239
vn -0.4389 -0.6533 -0.6169
vn -0.6750 0.5181 0.5253
vn -0.9400 0.3272 0.0969
vn -0.3161 -0.0392 -0.9479
vn -0.5249 0.6283 0.5742
vn -0.9288 -0.3367 0.1546
vn -0.7749 -0.0903 -0.6256
vn -0.9933 -0.1004 -0.0576
vn -0.9788 -0.1869 0.0836
vn -0.9474 -0.0690 0.3126
vn -0.9528 -0.1233 -0.2773
vn -0.9878 -0.0894 0.1275
vn -0.9815 -0.1535 0.1145
vn -0.2344 -0.4326 -0.8706
vn -0.6967 -0.2418 -0.6754
vn 0.9841 -0.1719 -0.0454
vn 0.6835 -0.1846 -0.7062
vn -0.3720 -0.8352 -0.4051
vn 0.8825 -0.4693 -0.0301
vn 0.4576 0.1300 0.8796
vn 0.3358 -0.1391 0.9316
vn 0.5328 -0.1437 -0.8340
vn 0.0109 0.1296 -0.9915
vn 0.1228 -0.3235 -0.9382
vn 0.9563 0.0474 -0.2886
vn 0.9627 -0.2706 0.0036
vn 0.9598 -0.2802 -0.0184
vn 0.6878 -0.0237 0.7255
vn -0.9909 0.0561 0.1227
vn -0.9145 0.0452 -0.4020
vn -0.8088 0.2008 -0.5527
vn 0.6945 0.1313 0.7075
vn 0.8687 -0.4953 -0.0123
vn 0.9203 -0.2021 -0.3350
vn 0.9410 -0.2426 0.2360
vn -0.9177 -0.2837 0.2783
vn -0.6573 0.2638 0.7060
vn -0.9457 0.3242 0.0211
vn -0.3665 0.2255 -0.9027
vn 0.7967 -0.4910 0.3524
vn 0.3988 -0.3266 0.8569
vn -0.2247 0.1358 0.9649
vn -0.6654 -0.1260 0.7358
vn -0.1338 0.7717 0.6217
vn -0.7690 0.2957 0.5668
vn -0.8052 0.5434 -0.2376
vn -0.4835 0.2860 -0.8273
vn -0.6429 -0.1248 0.7557
vn -0.2548 0.8112 0.5264
vn -0.5214 -0.0386 0.8525
vn -0.5553 -0.8311 0.0301
vn -0.9057 -0.1959 0.3760
vn -0.4493 0.3457 0.8237
vn -0.8262 0.2432 0.5082
vn -0.8034 0.5041 0.3170
vn -0.7974 0.5137 -0.3167
vn -0.7236 0.1793 -0.6665
vn -0.7720 -0.2697 -0.5755
vn -0.1669 -0.0336 -0.9854
vn -0.2337 -0.1072 -0.9664
vn -0.4648 -0.0768 -0.8821
vn 0.1288 -0.1723 0.9766
vn 0.4858 -0.1567 -0.8599
vn -0.1670 0.0648 -0.9838
vn 0.4069 -0.4575 -0.7906
vn 0.5232 -0.7087 0.4733
vn 0.8029 -0.2314 0.5493
vn -0.3354 0.3383 0.8792
vn -0.2248 0.0220 0.9742
vn -0.9864 0.1112 0.1208
vn -0.9625 0.0556 -0.2655
vn -0.9357 0.1457 0.3214
vn -0.7586 0.3194 0.5679
vn -0.6492 -0.0165 0.7604
vn -0.5434 -0.1123 0.8319
vn -0.5082 -0.0833 0.8572
vn -0.5556 0.0394 -0.8305
vn 0.0277 0.0374 -0.9989
vn -0.1324 0.2629 -0.9557
vn -0.1484 -0.3673 -0.9182
vn -0.1630 -0.0934 -0.9822
vn -0.9661 0.0502 -0.2533
vn -0.9541 0.0655 -0.2922
vn -0.9912 0.0456 0.1242
vn -0.9922 0.0016 0.1243
vn -0.9867 0.1044 0.1243
vn -0.9659 0.1426 -0.2163
vn -0.7428 0.0551 -0.6673
vn -0.4491 0.2880 -0.8458
vn -0.9622 -0.0171 -0.2718
vn -0.9588 0.1443 -0.2445
vn -0.7741 -0.0506 -0.6310
vn -0.9761 -0.0024 0.2172
vn 0.4470 0.0051 -0.8945
vn -0.1425 0.2138 -0.9664
vn -0.9725 0.0627 -0.2244
vn 0.1836 -0.3492 0.9189
vn -0.9650 0.0546 0.2566
vn -0.6909 0.3195 0.6485
vn -0.1466 -0.0545 0.9877
vn 0.7125 -0.3675 -0.5977
vn -0.6453 0.3484 -0.6799
vn -0.8934 0.4334 -0.1183
vn 0.4545 -0.5728 -0.6822
vn 0.4695 0.4220 0.7755
vn 0.8846 -0.1405 -0.4447
vn -0.9297 -0.1800 0.3214
vn -0.6969 0.0168 0.7170
vn -0.6474 -0.1149 0.7535
vn -0.6511 -0.1656 0.7407
vn -0.7243 -0.0845 0.6842
vn -0.7481 0.1528 -0.6458
vn -0.7559 0.1317 -0.6413
vn -0.7090 0.1402 -0.6911
vn 0.9585 -0.2602 0.1168
vn 0.9870 -0.1349 0.0873
vn 0.9736 -0.2130 0.0824
vn 0.8860 -0.1472 0.4398
vn 0.9548 -0.1761 0.2393
vn 0.9492 -0.1867 0.2531
vn 0.8749 -0.4703 -0.1156
vn 0.9728 -0.1757 -0.1512
vn 0.8851 -0.1705 -0.4330
vn 0.8957 -0.1231 -0.4273
vn 0.9929 0.0251 -0.1165
vn 0.9883 -0.1510 -0.0220
vn 0.9410 -0.2316 -0.2468
vn 0.9434 0.0105 -0.3314
vn 0.0532 -0.9981 -0.0299
vn 0.0889 -0.9953 -0.0389
vn -0.5334 0.6118 0.5841
vn -0.9456 0.1384 -0.2945
vn -0.7470 0.0424 0.6634
vn -0.7563 0.0101 0.6541
vn 0.0251 0.2809 -0.9594
vn -0.9664 0.2018 -0.1593
vn -0.8006 0.2872 -0.5259
vn -0.0632 0.0691 -0.9956
vn -0.9912 0.1198 -0.0569
vn 0.0629 -0.1444 -0.9875
vn 0.0120 0.1238 -0.9922
vn -0.9132 0.0476 0.4048
vn -0.9529 -0.0056 0.3034
vn -0.8841 -0.1976 -0.4234
vn -0.8015 0.1179 -0.5863
vn -0.8296 -0.0644 -0.5547
vn -0.7418 -0.0456 -0.6690
vn -0.9930 -0.0173 -0.1171
vn -0.7660 -0.0013 -0.6429
vn -0.1902 0.4667 0.8637
vn -0.4817 0.4411 0.7572
vn -0.5598 0.4938 0.6654
vn -0.4239 0.0064 -0.9057
vn -0.2527 0.9675 -0.0087
vn -0.7423 0.6656 -0.0770
vn -0.3692 -0.8646 0.3408
vn -0.8533 0.4305 0.2943
vn -0.3670 0.8696 0.3303
vn -0.3948 0.7774 -0.4897
vn -0.3547 0.4455 -0.8220
vn -0.1453 0.3509 -0.9251
vn -0.9260 0.3701 0.0749
vn -0.8806 -0.1402 0.4527
vn -0.2287 -0.0794 0.9703
vn -0.1193 -0.1239 -0.9851
vn -0.2051 -0.2568 0.9444
vn -0.0238 0.4382 -0.8986
vn -0.2841 0.2777 -0.9177
vn -0.4849 0.0141 0.8745
vn 0.0711 0.1531 -0.9856
vn -0.0154 0.0590 -0.9981
vn 0.2914 -0.4577 -0.8400
vn -0.6797 -0.7331 0.0237
vn 0.9013 -0.4330 -0.0109
vn -0.1662 -0.3963 0.9029
vn 0.0842 -0.4569 0.8855
vn -0.3236 0.8982 0.2976
vn -0.3529 0.2359 -0.9054
vn -0.2257 -0.2348 -0.9455
vn -0.2733 0.8995 0.3408
vn 0.9656 -0.2538 -0.0572
vn 0.8885 -0.4386 0.1349
vn -0.2440 0.8522 -0.4629
vn 0.7022 -0.7120 -0.0054
vn -0.5485 -0.8279 -0.1172
vn -0.4521 -0.0295 0.8915
vn 0.0091 -0.3434 -0.9392
vn -0.0808 0.3544 -0.9316
vn -0.0977 0.5032 -0.8586
vn -0.2607 -0.0092 0.9654
vn -0.2072 -0.2554 0.9444
vn -0.2470 -0.1613 0.9555
vn -0.4252 0.3514 0.8341
vn -0.6047 0.3995 0.6890
vn -0.1757 -0.9842 -0.0226
vn 0.0794 -0.1187 -0.9897
vn -0.7483 0.2365 0.6197
vn -0.3493 0.5221 0.7781
vn -0.3038 0.1259 -0.9444
vn -0.5806 0.2363 0.7791
vn -0.0139 0.0007 -0.9999
vn 0.9445 -0.3102 -0.1079
vn -0.1700 -0.9662 0.1938
vn 0.1027 -0.4046 0.9087
vn -0.1853 -0.3160 0.9305
vn -0.2175 -0.5816 -0.7839
vn -0.9774 0.0371 0.2080
vn -0.8831 0.1722 0.4364
vn -0.3394 -0.3478 0.8740
vn 0.1262 0.8645 -0.4865
vn -0.2016 -0.5153 -0.8330
vn -0.8577 -0.2126 -0.4682
vn -0.6518 -0.2968 0.6979
vn -0.4515 -0.2326 0.8614
vn -0.5575 -0.1326 -0.8195
vn -0.9740 -0.0588 0.2187
vn -0.3372 -0.5519 0.7627
vn -0.9774 -0.0882 0.1920
vn -0.4328 -0.5952 0.6771
vn -0.8389 -0.4768 0.2624
vn -0.9141 -0.3075 -0.2644
vn -0.8902 -0.1985 -0.4102
vn -0.9878 -0.1460 -0.0540
vn -0.9662 -0.1726 -0.1917
vn -0.8883 -0.1575 0.4314
vn -0.2357 -0.2395 -0.9419
vn -0.3900 -0.2899 0.8740
vn -0.6125 0.0037 0.7905
vn -0.2147 -0.5281 -0.8216
vn -0.5739 -0.3454 0.7426
vn -0.6621 -0.5671 0.4898
vn -0.8438 -0.4020 0.3556
vn -0.9764 -0.1029 0.1901
vn -0.9571 -0.2756 -0.0891
vn -0.4585 -0.3263 -0.8266
vn 0.0465 -0.0335 0.9984
vn -0.8219 0.2550 0.5094
vn -0.9757 0.1408 0.1680
vn -0.3270 -0.4106 0.8512
vn 0.3592 -0.2480 -0.8997
vn -0.3593 0.0809 0.9297
vn 0.3152 0.3358 -0.8876
vn -0.9841 0.0862 0.1551
vn -0.2295 0.8566 0.4621
vn -0.8754 0.0478 -0.4810
vn -0.9196 0.1426 -0.3661
vn -0.8661 -0.2109 -0.4532
vn -0.9722 0.1112 0.2060
vn -0.9726 -0.1409 0.1850
vn -0.8802 0.0444 -0.4726
vn -0.9765 -0.2004 0.0788
vn -0.8652 -0.2101 -0.4552
vn -0.9294 -0.0945 0.3567
vn -0.0750 -0.4740 -0.8773
vn -0.6139 -0.3769 0.6936
vn 0.3742 0.9272 -0.0167
vn -0.0361 -0.9982 -0.0485
vn 0.9691 0.0403 -0.2433
vn 0.7534 0.2694 0.5999
vn -0.0648 0.0503 -0.9966
vn 0.2480 -0.0136 -0.9687
vn 0.9311 0.0910 -0.3532
vn 0.3247 0.8553 -0.4038
vn -0.4691 -0.5713 -0.6735
vn -0.2478 -0.4168 -0.8746
vn 0.5855 0.3109 0.7486
vn 0.0291 -0.3807 -0.9242
vn 0.7140 0.3962 0.5773
vn 0.9143 0.2333 -0.3312
vn 0.8946 0.3287 -0.3027
vn 0.0446 -0.3047 0.9514
vn -0.0498 0.8801 0.4722
vn 0.3069 0.2869 0.9075
vn -0.7986 0.0808 -0.5964
vn -0.5610 -0.1508 -0.8140
vn -0.5524 -0.0393 -0.8327
vn -0.6268 0.1586 -0.7628
vn -0.4673 -0.0749 -0.8809
vn -0.0642 -0.1078 0.9921
vn -0.9162 -0.3503 0.1945
vn 0.5584 0.4616 0.6893
vn 0.6022 0.2194 -0.7676
vn -0.5972 -0.3943 -0.6985
vn 0.0860 -0.0862 -0.9926
vn 0.1089 0.0012 -0.9941
vn 0.3643 -0.3122 -0.8774
vn -0.0548 0.3513 0.9346
vn -0.6688 -0.1156 0.7344
vn -0.7558 -0.0529 0.6526
vn 0.0407 -0.9585 -0.2823
vn 0.5734 0.6773 0.4609
vn -0.8987 -0.1099 0.4245
vn 0.0916 -0.0654 0.9936
vn 0.0754 -0.0476 0.9960
vn -0.3224 0.5979 0.7339
vn -0.0879 -0.9471 -0.3087
vn -0.8372 -0.1513 0.5256
vn 0.0401 -0.9987 0.0316
vn -0.4857 -0.1348 0.8637
vn 0.5562 -0.3031 -0.7738
vn 0.6980 -0.1358 0.7031
vn -0.6848 0.2191 0.6950
vn -0.2582 0.0874 0.9621
vn -0.4963 -0.1672 -0.8519
vn 0.6805 -0.5387 -0.4966
vn 0.2538 -0.3952 0.8828
vn -0.0551 -0.9976 0.0423
vn 0.6664 -0.4515 -0.5934
vn -0.9272 0.3744 -0.0086
vn -0.6633 0.1865 -0.7247
vn -0.0037 -0.9944 0.1054
vn 0.9022 -0.2243 0.3685
vn 0.8646 -0.4837 -0.1360
vn 0.5098 -0.6473 0.5667
vn -0.9322 0.1636 -0.3229
vn 0.0574 -0.1202 -0.9911
vn 0.7842 -0.5847 -0.2076
vn -0.8933 0.2903 0.3432
vn -0.9496 0.3085 -0.0551
vn -0.8889 0.4248 0.1713
vn 0.2215 -0.0186 -0.9750
vn -0.4171 -0.0514 0.9074
vn 0.8519 0.1021 0.5136
vn 0.7022 0.2687 0.6593
vn 0.9662 0.2549 -0.0391
vn 0.4712 -0.7240 0.5037
vn -0.0967 -0.5164 -0.8509
vn 0.7493 0.1206 -0.6511
vn 0.1956 -0.1377 -0.9710
vn 0.2849 0.4575 0.8423
vn -0.9129 -0.2464 -0.3254
vn -0.9767 -0.2009 0.0759
vn 0.9295 -0.3542 -0.1026
vn -0.4123 0.2398 0.8789
vn 0.5411 -0.6012 0.5880
vn 0.9658 -0.1266 0.2264
vn 0.9624 -0.0833 -0.2584
vn 0.6094 -0.1878 -0.7703
vn 0.6356 -0.2678 -0.7241
vn -0.9733 0.0505 0.2241
vn -0.5009 -0.1467 -0.8530
vn -0.9256 -0.1063 0.3632
vn -0.8854 -0.0699 0.4595
vn 0.0696 -0.3404 -0.9377
vn -0.8393 -0.0121 0.5436
vn -0.5978 -0.1414 -0.7891
vn -0.5879 -0.1621 -0.7926
vn 0.2257 -0.1382 0.9644
vn 0.3082 -0.3417 -0.8878
vn -0.9882 -0.0333 -0.1498
vn -0.1960 0.0865 0.9768
vn -0.8579 -0.5133 0.0215
vn -0.8068 -0.5750 -0.1357
vn -0.6989 -0.4682 0.5407
vn 0.9895 0.1418 -0.0269
vn 0.7527 0.2192 -0.6208
vn -0.6357 0.1426 0.7587
vn -0.9008 -0.4245 0.0916
vn -0.8180 -0.4619 -0.3428
vn 0.9284 0.0401 -0.3694
vn -0.9459 -0.3218 -0.0425
vn -0.9579 -0.2617 0.1182
vn -0.9660 -0.2553 0.0410
vn -0.8570 -0.2950 0.4226
vn 0.9554 -0.2944 -0.0218
vn 0.6596 0.2678 0.7023
vn 0.8998 0.3756 -0.2219
vn 0.6670 0.2034 -0.7168
vn -0.2007 -0.2714 -0.9413
vn -0.6744 -0.7320 0.0970
vn -0.2284 0.1031 0.9681
vn 0.3989 0.2790 0.8735
vn 0.6770 -0.7341 0.0516
vn 0.1180 0.7645 0.6338
vn 0.7966 0.1103 0.5944
vn 0.8015 0.5595 -0.2112
vn 0.3341 0.3074 -0.8910
vn 0.7951 0.0556 0.6040
vn 0.4014 0.7662 0.5018
vn 0.3355 -0.0495 0.9407
vn 0.7093 0.5545 -0.4352
vn 0.8388 0.0025 -0.5445
vn 0.1976 0.0418 -0.9794
vn 0.4303 -0.3288 -0.8407
vn 0.5378 -0.1607 -0.8276
vn -0.8309 -0.1796 0.5266
vn 0.0054 -0.0676 0.9977
vn -0.0763 -0.7891 -0.6095
vn -0.3430 -0.6782 -0.6500
vn 0.2175 -0.3155 0.9237
vn -0.1643 -0.2142 0.9629
vn -0.1477 -0.1517 0.9773
vn -0.8240 -0.3544 0.4420
vn -0.5349 -0.3101 -0.7860
vn 0.0804 0.0175 -0.9966
vn 0.9775 0.0770 0.1963
vn 0.9433 0.0911 -0.3192
vn 0.9666 0.2540 0.0337
vn 0.6903 0.2498 0.6791
vn 0.6810 -0.1187 0.7226
vn 0.5647 -0.3055 0.7667
vn 0.5079 0.0794 0.8577
vn 0.7099 0.2078 0.6729
vn 0.5507 0.0457 -0.8334
vn 0.0178 0.0030 -0.9998
vn 0.1474 -0.4512 -0.8802
vn 0.0896 -0.2820 -0.9552
vn 0.9572 0.0989 -0.2719
vn 0.9175 0.2700 0.2921
vn 0.9300 -0.2010 0.3077
vn 0.8815 0.2727 0.3855
vn 0.9650 0.1368 -0.2237
vn 0.7352 -0.0336 -0.6770
vn 0.4777 0.1840 -0.8590
vn 0.9760 0.0744 -0.2048
vn 0.1498 0.2472 -0.9573
vn 0.5194 0.2452 -0.8186
vn 0.9723 0.0924 0.2146
vn 0.9651 0.1505 -0.2144
vn 0.7815 -0.0292 -0.6232
vn 0.9628 -0.0571 0.2643
vn -0.1213 -0.4242 0.8974
vn -0.4617 0.0158 -0.8869
vn 0.3839 0.0601 -0.9214
vn 0.9783 0.0501 -0.2010
vn -0.7548 -0.2983 0.5842
vn 0.0422 -0.1577 0.9866
vn 0.6593 0.2587 0.7060
vn -0.0422 -0.1075 0.9933
vn -0.5639 -0.5219 0.6400
vn -0.9046 -0.4250 0.0337
vn 0.8698 0.4932 -0.0162
vn -0.0400 0.1514 0.9877
vn -0.5451 -0.1534 0.8242
vn -0.7896 -0.6034 -0.1115
vn -0.4919 0.4143 0.7658
vn 0.6552 -0.0225 0.7551
vn 0.7151 -0.0370 0.6981
vn 0.6894 -0.1863 0.7000
vn 0.8683 0.0616 -0.4922
vn 0.9460 0.0966 -0.3094
vn -0.9520 -0.2717 0.1409
vn -0.9856 -0.1280 0.1105
vn -0.9149 -0.2987 0.2716
vn -0.9213 -0.1174 0.3707
vn 0.1750 -0.9733 0.1485
vn -0.9392 -0.2473 -0.2381
vn -0.9739 -0.0914 -0.2079
vn -0.8991 -0.1316 -0.4176
vn -0.9773 -0.0783 -0.1970
vn -0.9090 -0.1925 -0.3698
vn -0.9478 -0.1830 0.2611
vn -0.0729 -0.9973 -0.0015
vn 0.3469 0.7656 0.5418
vn 0.8803 0.2341 -0.4127
vn 0.6056 -0.0494 0.7942
vn 0.5452 -0.1060 0.8316
vn 0.3263 0.4434 -0.8348
vn 0.8564 0.2971 -0.4223
vn 0.0618 0.0682 -0.9958
vn 0.9894 0.1251 -0.0732
vn 0.1660 -0.0502 -0.9849
vn -0.1856 0.1933 -0.9634
vn 0.9420 0.0789 0.3261
vn 0.9924 0.0358 0.1176
vn 0.9219 0.2253 -0.3151
vn 0.9958 0.0888 -0.0238
vn 0.7937 0.1226 -0.5958
vn 0.9563 0.0395 -0.2897
vn 0.7576 0.0023 -0.6527
vn 0.2443 0.4179 0.8750
vn 0.5004 0.4888 0.7146
vn 0.3573 0.8348 0.4189
vn 0.6046 0.2100 -0.7683
vn 0.2684 0.9633 0.0049
vn 0.8569 0.4854 0.1734
vn 0.6715 -0.6886 0.2737
vn 0.8609 0.3605 -0.3591
vn 0.6973 0.4892 -0.5239
vn 0.5456 0.8181 -0.1818
vn 0.3105 0.6595 -0.6846
vn 0.4427 0.5801 -0.6838
vn 0.2993 0.4720 -0.8293
vn 0.9380 -0.1475 -0.3137
vn 0.9863 0.1337 0.0967
vn 0.5448 0.7521 0.3707
vn 0.5919 -0.3199 0.7398
vn 0.0748 -0.9788 0.1906
vn -0.8232 -0.1692 0.5420
vn -0.7667 -0.3145 0.5597
vn 0.3412 0.9073 0.2455
vn -0.8619 0.0704 0.5022
vn -0.0536 -0.9959 -0.0733
vn 0.9813 -0.0705 -0.1794
vn 0.7709 0.3283 0.5458
vn 0.2639 -0.0023 -0.9645
vn 0.1768 -0.9839 -0.0241
vn 0.8906 -0.0011 -0.4548
vn 0.0179 0.2313 0.9727
vn 0.6787 0.0202 -0.7341
vn -0.8064 -0.5719 -0.1502
vn 0.4270 -0.2090 -0.8798
vn -0.1453 0.2073 0.9674
vn -0.9004 -0.4247 0.0939
vn 0.9667 0.1104 0.2310
vn 0.9398 0.2341 -0.2489
vn -0.7050 -0.1817 0.6855
vn -0.5501 -0.1699 0.8176
vn -0.6626 -0.1052 0.7416
vn -0.0479 -0.2759 0.9600
vn -0.2686 0.8871 0.3753
vn 0.0011 0.5623 0.8269
vn -0.6535 0.1845 -0.7341
vn -0.6676 -0.2130 -0.7134
vn -0.6270 -0.0163 -0.7788
vn -0.4932 0.2685 -0.8274
vn -0.6223 -0.0415 -0.7817
vn -0.6937 -0.4400 0.5702
vn 0.5741 0.5170 0.6349
vn 0.8456 0.5043 -0.1750
vn 0.7995 -0.5278 -0.2869
vn -0.9156 -0.4017 0.0164
vn -0.7452 -0.4695 -0.4736
vn -0.0121 -0.0718 -0.9973
vn -0.1496 -0.0278 -0.9884
vn 0.7113 0.3080 -0.6318
vn 0.8059 -0.4869 -0.3369
vn 0.0042 -0.0789 -0.9969
vn -0.6319 -0.1231 0.7652
vn -0.8736 -0.1528 0.4620
vn 0.0183 -0.9998 -0.0104
vn 0.3200 0.8614 0.3944
vn 0.0474 -0.9989 -0.0062
vn 0.8698 0.0736 -0.4879
vn -0.9987 0.0467 -0.0219
vn 0.0702 -0.0608 0.9957
vn 0.0900 -0.0421 0.9951
vn -0.3540 0.3309 0.8748
vn -0.3511 0.6064 0.7135
vn -0.1261 -0.9907 -0.0503
vn 0.0870 -0.9869 0.1360
vn -0.8298 -0.1552 0.5361
vn -0.3145 -0.0747 0.9463
vn 0.5783 -0.2948 -0.7607
vn 0.9503 -0.0855 0.2993
vn -0.9010 -0.0315 -0.4327
vn 0.9394 -0.0659 0.3363
vn -0.0451 -0.0364 0.9983
vn -0.5537 0.0994 0.8268
vn -0.9053 0.1896 -0.3801
vn 0.8009 -0.5092 0.3150
vn 0.4399 -0.5582 -0.7035
vn -0.7280 0.6852 0.0213
vn -0.2149 0.1570 0.9639
vn -0.9214 0.3869 0.0360
vn 0.9261 -0.3769 0.0134
vn 0.5127 -0.4649 -0.7218
vn 0.1092 -0.1696 0.9794
vn 0.4682 -0.2811 -0.8377
vn -0.8870 0.4445 0.1250
vn 0.0073 -0.0965 -0.9953
vn -0.0350 -0.0849 0.9958
vn -0.0749 -0.9830 -0.1675
vn 0.7429 -0.5974 -0.3021
vn -0.5195 0.3125 0.7953
vn 0.5075 -0.0499 0.8602
vn 0.0336 0.0089 0.9994
vn 0.3697 -0.0610 -0.9272
vn 0.9182 0.1491 0.3670
vn 0.9254 0.3667 0.0958
vn -0.9612 -0.0848 -0.2625
vn 0.9790 -0.2025 -0.0239
vn 0.4389 -0.6533 -0.6169
vn 0.6750 0.5181 0.5253
vn 0.9400 0.3272 0.0969
vn 0.3161 -0.0392 -0.9479
vn 0.5249 0.6283 0.5742
vn 0.9288 -0.3367 0.1546
vn 0.7749 -0.0903 -0.6256
vn 0.9933 -0.1004 -0.0576
vn 0.9788 -0.1869 0.0836
vn 0.9474 -0.0690 0.3126
vn 0.9528 -0.1233 -0.2773
vn 0.9878 -0.0894 0.1275
vn 0.9815 -0.1535 0.1145
vn 0.2344 -0.4326 -0.8706
vn 0.6967 -0.2418 -0.6754
vn -0.9841 -0.1719 -0.0454
vn -0.6835 -0.1846 -0.7062
vn 0.3720 -0.8352 -0.4051
vn -0.8825 -0.4693 -0.0301
vn -0.4576 0.1300 0.8796
vn -0.3358 -0.1391 0.9316
vn -0.5328 -0.1437 -0.8340
vn -0.0109 0.1296 -0.9915
vn -0.1228 -0.3235 -0.9382
vn -0.9563 0.0474 -0.2886
vn -0.9627 -0.2706 0.0036
vn -0.9598 -0.2802 -0.0184
vn -0.6878 -0.0237 0.7255
vn 0.9909 0.0561 0.1227
vn 0.9145 0.0452 -0.4020
vn 0.8088 0.2008 -0.5527
vn -0.6945 0.1313 0.7075
vn -0.8687 -0.4953 -0.0123
vn -0.9203 -0.2021 -0.3350
vn -0.9410 -0.2426 0.2360
vn 0.9177 -0.2837 0.2783
vn 0.6573 0.2638 0.7060
vn 0.9457 0.3242 0.0211
vn 0.3665 0.2255 -0.9027
vn -0.7967 -0.4910 0.3524
vn -0.3988 -0.3266 0.8569
vn 0.2247 0.1358 0.9649
vn 0.6654 -0.1260 0.7358
vn 0.1338 0.7717 0.6217
vn 0.7690 0.2957 0.5668
vn 0.8052 0.5434 -0.2376
vn 0.4835 0.2860 -0.8273
vn 0.6429 -0.1248 0.7557
vn 0.2548 0.8112 0.5264
vn 0.5214 -0.0386 0.8525
vn 0.5553 -0.8311 0.0301
vn 0.9057 -0.1959 0.3760
vn 0.4493 0.3457 0.8237
vn 0.8262 0.2432 0.5082
vn 0.8034 0.5041 0.3170
vn 0.7974 0.5137 -0.3167
vn 0.7236 0.1793 -0.6665
vn 0.7720 -0.2697 -0.5755
vn 0.1669 -0.0336 -0.9854
vn 0.2337 -0.1072 -0.9664
vn 0.4648 -0.0768 -0.8821
vn -0.1288 -0.1723 0.9766
vn -0.4858 -0.1567 -0.8599
vn 0.1670 0.0648 -0.9838
vn -0.4069 -0.4575 -0.7906
vn -0.5232 -0.7087 0.4733
vn -0.8029 -0.2314 0.5493
vn 0.3354 0.3383 0.8792
vn 0.2248 0.0220 0.9742
vn 0.9864 0.1112 0.1208
vn 0.9625 0.0556 -0.2655
vn 0.9357 0.1457 0.3214
vn 0.7586 0.3194 0.5679
vn 0.6492 -0.0165 0.7604
vn 0.5434 -0.1123 0.8319
vn 0.5082 -0.0833 0.8572
vn 0.5556 0.0394 -0.8305
vn -0.0277 0.0374 -0.9989
vn 0.1324 0.2629 -0.9557
vn 0.1484 -0.3673 -0.9182
vn 0.1630 -0.0934 -0.9822
vn 0.9661 0.0502 -0.2533
vn 0.9541 0.0655 -0.2922
vn 0.9912 0.0456 0.1242
vn 0.9922 0.0016 0.1243
vn 0.9867 0.1044 0.1243
vn 0.9659 0.1426 -0.2163
vn 0.7428 0.0551 -0.6673
vn 0.4491 0.2880 -0.8458
vn 0.9622 -0.0171 -0.2718
vn 0.9588 0.1443 -0.2445
vn 0.7741 -0.0506 -0.6310
vn 0.9761 -0.0024 0.2172
vn -0.4470 0.0051 -0.8945
vn 0.1425 0.2138 -0.9664
vn 0.9725 0.0627 -0.2244
vn -0.1836 -0.3492 0.9189
vn 0.9650 0.0546 0.2566
vn 0.6909 0.3195 0.6485
vn 0.1466 -0.0545 0.9877
vn -0.7125 -0.3675 -0.5977
vn 0.6453 0.3484 -0.6799
vn 0.8934 0.4334 -0.1183
vn -0.4545 -0.5728 -0.6822
vn -0.4695 0.4220 0.7755
vn -0.8846 -0.1405 -0.4447
vn 0.9297 -0.1800 0.3214
vn 0.6969 0.0168 0.7170
vn 0.6474 -0.1149 0.7535
vn 0.6511 -0.1656 0.7407
vn 0.7243 -0.0845 0.6842
vn 0.7481 0.1528 -0.6458
vn 0.7559 0.1317 -0.6413
vn 0.7090 0.1402 -0.6911
vn -0.9585 -0.2602 0.1168
vn -0.9870 -0.1349 0.0873
vn -0.9736 -0.2130 0.0824
vn -0.8860 -0.1472 0.4398
vn -0.9548 -0.1761 0.2393
vn -0.9492 -0.1867 0.2531
vn -0.8749 -0.4703 -0.1156
vn -0.9728 -0.1757 -0.1512
vn -0.8851 -0.1705 -0.4330
vn -0.8957 -0.1231 -0.4273
vn -0.9929 0.0251 -0.1165
vn -0.9883 -0.1510 -0.0220
vn -0.9410 -0.2316 -0.2468
vn -0.9434 0.0105 -0.3314
vn -0.0532 -0.9981 -0.0299
vn -0.0889 -0.9953 -0.0389
vn 0.5334 0.6118 0.5841
vn 0.9456 0.1384 -0.2945
vn 0.7470 0.0424 0.6634
vn 0.7563 0.0101 0.6541
vn -0.0251 0.2809 -0.9594
vn 0.9664 0.2018 -0.1593
vn 0.8006 0.2872 -0.5259
vn 0.0632 0.0691 -0.9956
vn 0.9912 0.1198 -0.0569
vn -0.0629 -0.1444 -0.9875
vn -0.0120 0.1238 -0.9922
vn 0.9132 0.0476 0.4048
vn 0.9529 -0.0056 0.3034
vn 0.8841 -0.1976 -0.4234
vn 0.8015 0.1179 -0.5863
vn 0.8296 -0.0644 -0.5547
vn 0.7418 -0.0456 -0.6690
vn 0.9930 -0.0173 -0.1171
vn 0.7660 -0.0013 -0.6429
vn 0.1902 0.4667 0.8637
vn 0.4817 0.4411 0.7572
vn 0.5598 0.4938 0.6654
vn 0.4239 0.0064 -0.9057
vn 0.2527 0.9675 -0.0087
vn 0.7423 0.6656 -0.0770
vn 0.6147 -0.7541 0.2312
vn 0.3692 -0.8646 0.3408
vn 0.8533 0.4305 0.2943
vn 0.3670 0.8696 0.3303
vn 0.3948 0.7774 -0.4897
vn 0.3547 0.4455 -0.8220
vn 0.1453 0.3509 -0.9251
vn 0.9260 0.3701 0.0749
vn 0.8806 -0.1402 0.4527
vn 0.2287 -0.0794 0.9703
vn 0.1193 -0.1239 -0.9851
vn 0.2051 -0.2568 0.9444
vn 0.0238 0.4382 -0.8986
vn 0.2841 0.2777 -0.9177
vn 0.4849 0.0141 0.8745
vn -0.0711 0.1531 -0.9856
vn 0.0154 0.0590 -0.9981
vn -0.2914 -0.4577 -0.8400
vn 0.6797 -0.7331 0.0237
vn -0.9013 -0.4330 -0.0109
vn 0.1662 -0.3963 0.9029
vn -0.0842 -0.4569 0.8855
vn 0.3236 0.8982 0.2976
vn 0.3529 0.2359 -0.9054
vn 0.2257 -0.2348 -0.9455
vn 0.2733 0.8995 0.3408
vn -0.9656 -0.2538 -0.0572
vn -0.8885 -0.4386 0.1349
vn 0.2440 0.8522 -0.4629
vn -0.7022 -0.7120 -0.0054
vn 0.5485 -0.8279 -0.1172
vn 0.4521 -0.0295 0.8915
vn -0.0091 -0.3434 -0.9392
vn 0.0808 0.3544 -0.9316
vn 0.0977 0.5032 -0.8586
vn 0.2607 -0.0092 0.9654
vn 0.2072 -0.2554 0.9444
vn 0.2470 -0.1613 0.9555
vn 0.4252 0.3514 0.8341
vn 0.6047 0.3995 0.6890
vn 0.1757 -0.9842 -0.0226
vn -0.0794 -0.1187 -0.9897
vn 0.7483 0.2365 0.6197
vn 0.4785 0.4514 0.7531
vn 0.3038 0.1259 -0.9444
vn 0.5806 0.2363 0.7791
vn 0.0139 0.0007 -0.9999
vn -0.9445 -0.3102 -0.1079
vn 0.1700 -0.9662 0.1938
vn -0.1027 -0.4046 0.9087
vn 0.1853 -0.3160 0.9305
vn 0.9774 0.0371 0.2080
vn 0.8831 0.1722 0.4364
vn 0.3394 -0.3478 0.8740
vn -0.1262 0.8645 -0.4865
vn 0.2016 -0.5153 -0.8330
vn 0.8577 -0.2126 -0.4682
vn 0.6518 -0.2968 0.6979
vn 0.4515 -0.2326 0.8614
vn 0.5575 -0.1326 -0.8195
vn 0.9740 -0.0588 0.2187
vn 0.3372 -0.5519 0.7627
vn 0.9774 -0.0882 0.1920
vn 0.4328 -0.5952 0.6771
vn 0.8389 -0.4768 0.2624
vn 0.9141 -0.3075 -0.2644
vn 0.8902 -0.1985 -0.4102
vn 0.9878 -0.1460 -0.0540
vn 0.9662 -0.1726 -0.1917
vn 0.8883 -0.1575 0.4314
vn 0.2357 -0.2395 -0.9419
vn 0.3900 -0.2899 0.8740
vn 0.6125 0.0037 0.7905
vn 0.2147 -0.5281 -0.8216
vn 0.5739 -0.3454 0.7426
vn 0.6621 -0.5671 0.4898
vn 0.8438 -0.4020 0.3556
vn 0.9764 -0.1029 0.1901
vn 0.9571 -0.2756 -0.0891
vn 0.4585 -0.3263 -0.8266
vn -0.0465 -0.0335 0.9984
vn 0.8219 0.2550 0.5094
vn 0.9757 0.1408 0.1680
vn -0.4615 -0.2411 -0.8537
vn 0.3594 0.0809 0.9297
vn -0.3152 0.3358 -0.8876
vn 0.9841 0.0862 0.1551
vn 0.2295 0.8566 0.4621
vn 0.8754 0.0478 -0.4810
vn 0.9196 0.1426 -0.3661
vn 0.8661 -0.2109 -0.4532
vn 0.9722 0.1112 0.2060
vn 0.9726 -0.1409 0.1850
vn 0.8802 0.0444 -0.4726
vn 0.9765 -0.2004 0.0788
vn 0.8652 -0.2101 -0.4552
vn 0.9294 -0.0945 0.3567
vn -0.6147 -0.7541 0.2312
vn -0.4785 0.4514 0.7531
vn 0.1267 0.8646 -0.4861
vn -0.9442 -0.2109 0.2531
vn -0.9843 0.0859 0.1539
vn -0.8655 -0.2026 -0.4582
vn 0.0226 0.0747 0.9970
vn -0.3190 0.6030 0.7312
vn 0.4615 -0.2411 -0.8537
vn -0.3594 0.0809 0.9297
vn -0.2491 0.8545 0.4557
vn 0.3493 0.5221 0.7781
vn 0.2175 -0.5816 -0.7839
vn -0.1267 0.8646 -0.4861
vn 0.9442 -0.2109 0.2531
vn 0.9843 0.0859 0.1539
vn 0.8655 -0.2026 -0.4582
vn -0.0226 0.0747 0.9970
vn 0.3270 -0.4106 0.8512
vn 0.3190 0.6030 0.7312
vn -0.3592 -0.2480 -0.8997
vn 0.3593 0.0809 0.9297
vn 0.2491 0.8546 0.4557
usemtl MAT_Brian_Winne_Low_Poly_Nightmare_Fuel
s off
f 5/1/1 14/2/1 28/3/1
f 35/4/2 37/5/2 34/6/2
f 38/7/3 40/8/3 41/9/3
f 42/10/4 47/11/4 45/12/4
f 38/7/5 45/13/5 47/14/5
f 47/14/6 39/15/6 38/7/6
f 49/16/7 126/17/7 48/18/7
f 17/19/8 51/20/8 50/21/8
f 278/22/9 58/23/9 57/24/9
f 1/25/10 55/26/10 59/27/10
f 63/28/11 64/29/11 65/30/11
f 64/29/12 63/28/12 72/31/12
f 73/32/13 61/33/13 74/34/13
f 64/29/14 66/35/14 65/30/14
f 74/34/15 61/33/15 76/36/15
f 67/37/16 76/36/16 68/38/16
f 74/34/17 67/37/17 75/39/17
f 34/6/18 82/40/18 83/41/18
f 44/42/19 40/8/19 39/15/19
f 42/43/20 39/15/20 46/44/20
f 86/45/21 49/16/21 85/46/21
f 88/47/22 85/46/22 87/48/22
f 89/49/23 88/47/23 87/48/23
f 89/49/24 92/50/24 90/51/24
f 93/52/25 95/53/25 96/54/25
f 97/55/26 98/56/26 99/57/26
f 97/55/27 80/58/27 109/59/27
f 76/36/28 60/60/28 100/61/28
f 66/35/29 68/62/29 102/63/29
f 110/64/30 65/30/30 111/65/30
f 65/30/31 102/63/31 111/65/31
f 113/66/32 111/65/32 102/63/32
f 107/67/33 112/68/33 114/69/33
f 294/70/34 293/71/34 12/72/34
f 118/73/35 34/6/35 117/74/35
f 118/73/36 117/74/36 119/75/36
f 122/76/37 123/77/37 121/78/37
f 40/8/38 125/79/38 41/9/38
f 120/80/39 43/81/39 42/43/39
f 117/74/40 83/41/40 129/82/40
f 117/74/41 130/83/41 119/75/41
f 119/84/42 124/85/42 43/81/42
f 84/86/43 126/87/43 49/88/43
f 131/89/44 119/84/44 120/80/44
f 120/90/45 45/12/45 123/77/45
f 133/91/46 135/92/46 132/93/46
f 136/94/47 135/95/47 137/96/47
f 141/97/48 150/98/48 140/99/48
f 143/100/49 274/101/49 144/102/49
f 145/103/50 147/104/50 141/105/50
f 185/106/51 151/107/51 149/108/51
f 149/109/52 152/110/52 150/98/52
f 140/111/53 152/112/53 151/107/53
f 152/112/54 153/113/54 151/107/54
f 160/114/55 159/115/55 158/116/55
f 154/117/56 156/118/56 161/119/56
f 154/117/57 161/119/57 160/120/57
f 161/119/58 156/118/58 159/121/58
f 162/122/59 164/123/59 163/124/59
f 162/122/60 165/125/60 164/123/60
f 164/123/61 165/125/61 168/126/61
f 169/127/62 165/128/62 182/129/62
f 171/130/63 139/131/63 138/132/63
f 139/131/64 172/133/64 170/134/64
f 173/135/65 172/136/65 171/137/65
f 173/135/66 171/137/66 138/138/66
f 167/139/67 166/140/67 169/127/67
f 138/132/68 176/141/68 175/142/68
f 145/103/69 141/105/69 148/143/69
f 147/144/70 142/145/70 141/97/70
f 146/146/71 144/102/71 273/147/71
f 178/148/72 75/149/72 194/150/72
f 180/151/73 143/152/73 146/153/73
f 136/94/74 180/154/74 179/155/74
f 177/156/75 75/157/75 67/158/75
f 177/156/76 64/29/76 272/159/76
f 273/160/77 73/32/77 74/34/77
f 72/31/78 272/159/78 64/29/78
f 72/161/79 274/162/79 179/163/79
f 139/131/80 170/134/80 181/164/80
f 155/165/81 157/166/81 156/118/81
f 184/167/82 163/124/82 174/168/82
f 186/169/83 158/116/83 157/170/83
f 183/171/84 181/164/84 163/124/84
f 150/98/85 185/172/85 149/109/85
f 158/116/86 174/168/86 160/114/86
f 187/173/87 155/165/87 154/117/87
f 187/173/88 160/120/88 174/174/88
f 148/143/89 193/175/89 145/103/89
f 188/176/90 157/166/90 155/165/90
f 186/177/91 193/175/91 185/106/91
f 173/135/92 190/178/92 170/179/92
f 175/180/93 191/181/93 173/135/93
f 175/180/94 272/182/94 191/181/94
f 190/178/95 182/129/95 170/179/95
f 182/183/96 162/122/96 181/164/96
f 189/184/97 169/127/97 190/178/97
f 189/184/98 174/174/98 167/139/98
f 188/176/99 189/184/99 193/175/99
f 189/184/100 190/178/100 192/185/100
f 173/135/101 192/185/101 190/178/101
f 183/171/102 178/148/102 194/150/102
f 176/141/103 75/149/103 177/186/103
f 73/32/104 274/187/104 71/188/104
f 274/187/105 72/31/105 71/188/105
f 112/189/106 106/190/106 109/59/106
f 194/150/107 181/164/107 183/171/107
f 193/175/108 192/185/108 191/181/108
f 173/135/109 191/181/109 192/185/109
f 179/163/110 193/175/110 72/161/110
f 193/175/111 180/191/111 145/103/111
f 108/192/112 196/193/112 106/194/112
f 199/195/113 101/196/113 98/56/113
f 103/197/114 200/198/114 201/199/114
f 201/200/115 113/66/115 103/201/115
f 112/189/116 113/66/116 114/202/116
f 106/190/117 97/55/117 109/59/117
f 196/203/118 98/56/118 97/55/118
f 13/204/119 203/205/119 7/206/119
f 195/207/120 199/208/120 196/209/120
f 27/210/121 205/211/121 23/212/121
f 204/213/122 200/214/122 199/208/122
f 207/215/123 200/216/123 206/217/123
f 207/215/124 114/69/124 201/218/124
f 202/219/125 195/207/125 203/205/125
f 270/220/126 205/211/126 269/221/126
f 78/222/127 276/223/127 279/224/127
f 59/27/128 57/24/128 58/23/128
f 57/24/129 54/225/129 277/226/129
f 114/69/130 197/227/130 115/228/130
f 114/69/131 104/229/131 107/67/131
f 107/67/132 105/230/132 210/231/132
f 30/232/133 31/233/133 211/234/133
f 211/234/134 81/235/134 30/232/134
f 28/236/135 214/237/135 215/238/135
f 214/237/136 217/239/136 215/238/136
f 24/240/137 220/241/137 221/242/137
f 212/243/138 218/244/138 221/242/138
f 218/244/139 212/243/139 211/234/139
f 211/234/140 219/245/140 218/244/140
f 213/246/141 93/52/141 217/239/141
f 93/52/142 216/247/142 225/248/142
f 227/249/143 229/250/143 226/251/143
f 210/231/144 108/192/144 107/67/144
f 230/252/145 195/207/145 108/253/145
f 203/205/146 231/254/146 223/255/146
f 224/256/147 232/257/147 233/258/147
f 233/258/148 220/259/148 224/256/148
f 221/242/149 227/249/149 212/243/149
f 232/257/150 223/255/150 231/254/150
f 222/260/151 210/231/151 105/230/151
f 5/261/152 236/262/152 21/263/152
f 215/238/153 237/264/153 235/265/153
f 217/239/154 225/248/154 237/264/154
f 210/231/155 240/266/155 230/267/155
f 230/252/156 232/257/156 231/254/156
f 232/257/157 241/268/157 233/258/157
f 241/269/158 227/249/158 233/270/158
f 228/271/159 271/272/159 238/273/159
f 235/265/160 238/273/160 271/272/160
f 236/262/161 271/272/161 222/274/161
f 241/275/162 234/276/162 271/277/162
f 21/278/163 222/260/163 20/279/163
f 234/276/164 222/260/164 271/277/164
f 226/251/165 229/250/165 242/280/165
f 242/281/166 239/282/166 243/283/166
f 237/264/167 239/282/167 238/273/167
f 244/284/168 33/285/168 32/286/168
f 37/5/169 245/287/169 82/40/169
f 96/54/170 92/50/170 91/288/170
f 216/247/171 91/288/171 246/289/171
f 242/281/172 247/290/172 33/291/172
f 37/5/173 36/292/173 30/232/173
f 245/287/174 30/232/174 81/235/174
f 100/61/175 98/56/175 101/196/175
f 98/56/176 62/293/176 99/57/176
f 80/58/177 99/57/177 62/293/177
f 80/58/178 110/64/178 109/59/178
f 103/197/179 100/61/179 101/196/179
f 61/33/180 69/294/180 62/293/180
f 70/295/181 62/293/181 69/294/181
f 70/295/182 63/28/182 110/64/182
f 274/296/183 134/297/183 133/91/183
f 226/251/184 212/243/184 227/249/184
f 244/284/185 81/235/185 226/251/185
f 82/40/186 244/284/186 32/286/186
f 243/283/187 246/289/187 247/290/187
f 239/282/188 229/298/188 228/271/188
f 31/233/189 249/299/189 219/245/189
f 36/292/190 249/299/190 31/233/190
f 251/300/191 36/292/191 35/4/191
f 252/301/192 35/4/192 118/73/192
f 122/76/193 121/78/193 127/302/193
f 213/246/194 248/303/194 249/304/194
f 250/305/195 94/306/195 249/304/195
f 92/50/196 250/305/196 251/307/196
f 88/47/197 251/307/197 252/308/197
f 86/45/198 252/308/198 253/309/198
f 128/310/199 253/309/199 131/311/199
f 122/76/200 128/312/200 131/313/200
f 124/85/201 254/314/201 125/79/201
f 123/315/202 125/79/202 254/314/202
f 255/316/203 83/41/203 32/286/203
f 129/82/204 254/317/204 130/83/204
f 91/288/205 256/318/205 246/289/205
f 246/289/206 257/319/206 247/290/206
f 89/49/207 258/320/207 256/318/207
f 33/291/208 259/321/208 260/322/208
f 87/48/209 261/323/209 258/320/209
f 261/323/210 49/16/210 48/18/210
f 32/286/211 260/324/211 255/316/211
f 255/316/212 121/325/212 254/317/212
f 254/314/213 121/326/213 123/315/213
f 48/18/214 127/327/214 261/323/214
f 257/319/215 258/320/215 259/321/215
f 260/322/216 262/328/216 121/329/216
f 259/321/217 261/323/217 262/328/217
f 13/204/218 205/211/218 202/219/218
f 204/213/219 205/211/219 208/330/219
f 208/330/220 270/220/220 206/331/220
f 50/21/221 263/332/221 209/333/221
f 10/334/222 59/27/222 267/335/222
f 267/335/223 58/23/223 79/336/223
f 291/337/224 264/338/224 116/339/224
f 263/332/225 285/340/225 209/333/225
f 265/341/226 263/332/226 266/342/226
f 206/217/227 265/343/227 207/215/227
f 207/215/228 266/344/228 268/345/228
f 266/342/229 51/20/229 268/346/229
f 207/215/230 268/345/230 198/347/230
f 264/348/231 292/349/231 285/340/231
f 264/348/232 285/340/232 263/332/232
f 270/350/233 263/332/233 265/341/233
f 289/351/234 53/352/234 6/353/234
f 25/354/235 9/355/235 29/356/235
f 30/232/236 36/292/236 31/233/236
f 35/4/237 36/292/237 37/5/237
f 38/7/238 39/15/238 40/8/238
f 42/43/239 43/81/239 44/42/239
f 42/10/240 46/357/240 47/11/240
f 38/7/241 41/9/241 45/13/241
f 47/14/242 46/44/242 39/15/242
f 17/19/243 3/358/243 51/20/243
f 26/359/244 6/353/244 53/352/244
f 57/24/245 277/226/245 278/22/245
f 60/60/246 61/33/246 62/293/246
f 66/35/247 67/158/247 68/62/247
f 70/295/248 71/188/248 63/28/248
f 67/158/249 66/35/249 64/29/249
f 73/32/250 69/294/250 61/33/250
f 72/31/251 63/28/251 71/188/251
f 298/360/252 295/361/252 78/222/252
f 67/37/253 74/34/253 76/36/253
f 69/294/254 73/32/254 71/188/254
f 71/188/255 70/295/255 69/294/255
f 70/295/256 80/58/256 62/293/256
f 34/6/257 37/5/257 82/40/257
f 44/42/258 43/81/258 40/8/258
f 42/43/259 44/42/259 39/15/259
f 86/45/260 84/362/260 49/16/260
f 88/47/261 86/45/261 85/46/261
f 89/49/262 90/51/262 88/47/262
f 89/49/263 91/288/263 92/50/263
f 93/52/264 94/306/264 95/53/264
f 97/55/265 99/57/265 80/58/265
f 76/36/266 61/33/266 60/60/266
f 68/38/267 76/36/267 100/61/267
f 106/194/268 107/67/268 108/192/268
f 80/58/269 70/295/269 110/64/269
f 111/65/270 112/189/270 109/59/270
f 65/30/271 66/35/271 102/63/271
f 113/66/272 112/189/272 111/65/272
f 103/201/273 113/66/273 102/63/273
f 107/67/274 106/194/274 112/68/274
f 18/363/275 20/279/275 104/229/275
f 118/73/276 35/4/276 34/6/276
f 120/80/277 119/84/277 43/81/277
f 122/76/278 120/90/278 123/77/278
f 40/8/279 124/85/279 125/79/279
f 120/90/280 42/10/280 45/12/280
f 41/9/281 125/79/281 45/13/281
f 84/362/282 86/45/282 128/310/282
f 117/74/283 34/6/283 83/41/283
f 117/74/284 129/82/284 130/83/284
f 119/84/285 130/364/285 124/85/285
f 43/81/286 124/85/286 40/8/286
f 122/76/287 131/313/287 120/90/287
f 84/86/288 128/312/288 126/87/288
f 131/89/289 118/365/289 119/84/289
f 133/91/290 134/297/290 135/92/290
f 136/94/291 132/366/291 135/95/291
f 135/92/292 134/297/292 137/367/292
f 136/94/293 133/368/293 132/366/293
f 141/97/294 142/145/294 150/98/294
f 145/103/295 146/369/295 147/104/295
f 148/143/296 141/105/296 140/111/296
f 185/106/297 148/143/297 151/107/297
f 140/99/298 150/98/298 152/110/298
f 149/109/299 153/370/299 152/110/299
f 153/113/300 149/108/300 151/107/300
f 151/107/301 148/143/301 140/111/301
f 155/165/302 156/118/302 154/117/302
f 157/170/303 158/116/303 159/115/303
f 160/120/304 161/119/304 159/121/304
f 156/118/305 157/166/305 159/121/305
f 182/183/306 165/125/306 162/122/306
f 166/140/307 167/139/307 168/371/307
f 169/127/308 166/140/308 165/128/308
f 167/139/309 164/372/309 168/371/309
f 165/128/310 166/140/310 168/371/310
f 139/131/311 171/130/311 172/133/311
f 173/135/312 170/179/312 172/136/312
f 174/168/313 163/124/313 164/123/313
f 167/139/314 174/174/314 164/372/314
f 138/132/315 139/131/315 176/141/315
f 147/144/316 178/148/316 142/145/316
f 178/148/317 273/147/317 75/149/317
f 274/373/318 136/94/318 179/155/318
f 180/151/319 137/367/319 143/152/319
f 136/94/320 137/96/320 180/154/320
f 178/148/321 147/144/321 146/146/321
f 75/39/322 273/160/322 74/34/322
f 67/158/323 64/29/323 177/156/323
f 273/160/324 144/374/324 73/32/324
f 182/183/325 181/164/325 170/134/325
f 176/141/326 139/131/326 181/164/326
f 142/145/327 186/169/327 150/98/327
f 142/145/328 183/171/328 186/169/328
f 184/167/329 183/171/329 163/124/329
f 163/124/330 181/164/330 162/122/330
f 186/169/331 184/167/331 158/116/331
f 184/167/332 186/169/332 183/171/332
f 150/98/333 186/169/333 185/172/333
f 158/116/334 184/167/334 174/168/334
f 187/173/335 188/176/335 155/165/335
f 187/173/336 154/117/336 160/120/336
f 189/184/337 187/173/337 174/174/337
f 148/143/338 185/106/338 193/175/338
f 188/176/339 186/177/339 157/166/339
f 186/177/340 188/176/340 193/175/340
f 138/138/341 175/180/341 173/135/341
f 175/180/342 177/375/342 272/182/342
f 190/178/343 169/127/343 182/129/343
f 189/184/344 167/139/344 169/127/344
f 188/176/345 187/173/345 189/184/345
f 191/181/346 72/161/346 193/175/346
f 180/191/347 146/369/347 145/103/347
f 183/171/348 142/145/348 178/148/348
f 176/141/349 181/164/349 194/150/349
f 176/141/350 194/150/350 75/149/350
f 73/32/351 144/374/351 274/187/351
f 193/175/352 189/184/352 192/185/352
f 272/182/353 72/161/353 191/181/353
f 179/163/354 180/191/354 193/175/354
f 108/253/355 195/207/355 196/209/355
f 199/195/356 200/198/356 101/196/356
f 103/197/357 101/196/357 200/198/357
f 201/200/358 114/202/358 113/66/358
f 106/190/359 196/203/359 97/55/359
f 196/203/360 199/195/360 98/56/360
f 13/204/361 202/219/361 203/205/361
f 195/207/362 204/213/362 199/208/362
f 27/210/363 269/221/363 205/211/363
f 204/213/364 206/331/364 200/214/364
f 207/215/365 201/218/365 200/216/365
f 207/215/366 198/347/366 114/69/366
f 202/219/367 204/213/367 195/207/367
f 270/220/368 208/330/368 205/211/368
f 52/376/369 270/377/369 269/378/369
f 52/376/370 53/352/370 116/339/370
f 78/222/371 283/379/371 281/380/371
f 78/222/372 275/381/372 276/223/372
f 279/224/373 56/382/373 79/383/373
f 77/384/374 267/385/374 79/383/374
f 59/27/375 55/26/375 57/24/375
f 55/26/376 54/225/376 57/24/376
f 54/225/377 50/21/377 277/226/377
f 114/69/378 198/347/378 197/227/378
f 114/69/379 115/228/379 104/229/379
f 107/67/380 104/229/380 105/230/380
f 211/234/381 212/243/381 81/235/381
f 213/246/382 94/306/382 93/52/382
f 93/52/383 96/54/383 216/247/383
f 214/237/384 213/246/384 217/239/384
f 218/244/385 219/245/385 29/386/385
f 211/234/386 31/233/386 219/245/386
f 7/206/387 203/205/387 223/255/387
f 2/387/388 223/255/388 224/256/388
f 227/249/389 228/388/389 229/250/389
f 210/231/390 230/267/390 108/192/390
f 230/252/391 231/254/391 195/207/391
f 203/205/392 195/207/392 231/254/392
f 224/256/393 223/255/393 232/257/393
f 233/270/394 221/242/394 220/241/394
f 221/242/395 233/270/395 227/249/395
f 222/260/396 234/276/396 210/231/396
f 5/261/397 235/265/397 236/262/397
f 21/263/398 236/262/398 222/274/398
f 215/238/399 217/239/399 237/264/399
f 217/239/400 93/52/400 225/248/400
f 238/273/401 239/282/401 228/271/401
f 210/231/402 234/276/402 240/266/402
f 230/252/403 240/389/403 232/257/403
f 232/257/404 240/389/404 241/268/404
f 241/269/405 228/388/405 227/249/405
f 228/271/406 241/390/406 271/272/406
f 235/265/407 237/264/407 238/273/407
f 236/262/408 235/265/408 271/272/408
f 241/275/409 240/266/409 234/276/409
f 242/281/410 229/298/410 239/282/410
f 237/264/411 225/248/411 239/282/411
f 244/284/412 242/280/412 33/285/412
f 96/54/413 95/53/413 92/50/413
f 216/247/414 96/54/414 91/288/414
f 242/281/415 243/283/415 247/290/415
f 245/287/416 37/5/416 30/232/416
f 244/284/417 226/251/417 242/280/417
f 100/61/418 60/60/418 98/56/418
f 98/56/419 60/60/419 62/293/419
f 109/59/420 110/64/420 111/65/420
f 102/63/421 68/62/421 103/201/421
f 103/197/422 68/38/422 100/61/422
f 110/64/423 63/28/423 65/30/423
f 274/296/424 143/152/424 134/297/424
f 136/94/425 274/373/425 133/368/425
f 134/297/426 143/152/426 137/367/426
f 226/251/427 81/235/427 212/243/427
f 244/284/428 245/287/428 81/235/428
f 82/40/429 245/287/429 244/284/429
f 83/41/430 82/40/430 32/286/430
f 243/283/431 216/247/431 246/289/431
f 243/283/432 239/282/432 216/247/432
f 225/248/433 216/247/433 239/282/433
f 219/245/434 249/299/434 248/391/434
f 36/292/435 250/392/435 249/299/435
f 251/300/436 250/392/436 36/292/436
f 252/301/437 251/300/437 35/4/437
f 253/393/438 252/301/438 118/73/438
f 131/89/439 253/394/439 118/365/439
f 213/246/440 214/237/440 248/303/440
f 94/306/441 213/246/441 249/304/441
f 250/305/442 95/53/442 94/306/442
f 92/50/443 95/53/443 250/305/443
f 251/307/444 90/51/444 92/50/444
f 88/47/445 90/51/445 251/307/445
f 86/45/446 88/47/446 252/308/446
f 128/310/447 86/45/447 253/309/447
f 122/76/448 126/87/448 128/312/448
f 127/302/449 126/87/449 122/76/449
f 124/85/450 130/364/450 254/314/450
f 123/315/451 45/13/451 125/79/451
f 255/316/452 129/82/452 83/41/452
f 129/82/453 255/316/453 254/317/453
f 91/288/454 89/49/454 256/318/454
f 247/290/455 257/319/455 33/291/455
f 246/289/456 256/318/456 257/319/456
f 89/49/457 87/48/457 258/320/457
f 33/291/458 257/319/458 259/321/458
f 87/48/459 85/46/459 261/323/459
f 261/323/460 85/46/460 49/16/460
f 32/286/461 33/285/461 260/324/461
f 255/316/462 260/324/462 121/325/462
f 48/18/463 126/17/463 127/327/463
f 257/319/464 256/318/464 258/320/464
f 262/328/465 127/327/465 121/329/465
f 262/328/466 261/323/466 127/327/466
f 260/322/467 259/321/467 262/328/467
f 259/321/468 258/320/468 261/323/468
f 13/204/469 23/212/469 205/211/469
f 204/213/470 202/219/470 205/211/470
f 206/331/471 204/213/471 208/330/471
f 50/21/472 51/20/472 263/332/472
f 1/25/473 59/27/473 10/334/473
f 267/335/474 59/27/474 58/23/474
f 52/376/475 116/339/475 264/338/475
f 270/377/476 52/376/476 264/338/476
f 206/217/477 270/395/477 265/343/477
f 207/215/478 265/343/478 266/344/478
f 266/342/479 263/332/479 51/20/479
f 197/227/480 198/347/480 268/345/480
f 270/350/481 264/348/481 263/332/481
f 53/352/482 290/396/482 116/339/482
f 6/353/483 288/397/483 289/351/483
f 104/229/484 20/279/484 105/230/484
f 220/259/485 24/398/485 2/387/485
f 268/346/486 3/358/486 4/399/486
f 55/26/487 19/400/487 11/401/487
f 269/378/488 27/402/488 26/359/488
f 197/227/489 4/403/489 18/363/489
f 115/228/490 197/227/490 18/363/490
f 215/238/491 5/261/491 28/236/491
f 28/3/492 14/2/492 15/404/492
f 15/405/493 214/237/493 28/236/493
f 218/244/494 24/240/494 221/242/494
f 218/244/495 9/406/495 24/240/495
f 77/384/496 12/72/496 10/407/496
f 55/26/497 11/401/497 54/225/497
f 54/225/498 280/408/498 286/409/498
f 77/384/499 10/407/499 267/385/499
f 248/303/500 15/405/500 8/410/500
f 248/391/501 8/411/501 219/245/501
f 55/26/502 1/25/502 19/400/502
f 219/245/503 8/411/503 29/386/503
f 29/356/504 8/412/504 25/354/504
f 269/378/505 26/359/505 52/376/505
f 235/265/506 5/261/506 215/238/506
f 197/227/507 268/345/507 4/403/507
f 268/346/508 51/20/508 3/358/508
f 223/255/509 2/387/509 7/206/509
f 220/259/510 2/387/510 224/256/510
f 288/397/511 282/413/511 289/351/511
f 22/414/512 276/223/512 275/381/512
f 275/381/513 16/415/513 22/414/513
f 26/359/514 53/352/514 52/376/514
f 18/363/515 104/229/515 115/228/515
f 178/148/516 146/146/516 273/147/516
f 77/384/517 294/70/517 12/72/517
f 175/142/518 176/141/518 177/186/518
f 146/146/519 143/100/519 144/102/519
f 222/260/520 105/230/520 20/279/520
f 248/303/521 214/237/521 15/405/521
f 218/244/522 29/386/522 9/406/522
f 289/351/523 282/413/523 275/381/523
f 276/223/524 22/414/524 56/382/524
f 299/416/525 287/417/525 305/418/525
f 298/360/526 78/222/526 79/383/526
f 78/222/527 279/224/527 79/383/527
f 279/224/528 276/223/528 56/382/528
f 278/22/529 302/419/529 297/420/529
f 286/409/530 280/408/530 17/19/530
f 299/416/531 277/226/531 285/340/531
f 283/379/532 291/337/532 290/396/532
f 275/381/533 281/380/533 289/351/533
f 50/21/534 209/333/534 277/226/534
f 78/222/535 295/361/535 309/421/535
f 282/413/536 284/422/536 16/415/536
f 291/337/537 283/379/537 296/423/537
f 290/396/538 291/337/538 116/339/538
f 292/424/539 296/423/539 287/425/539
f 292/349/540 299/416/540 285/340/540
f 278/22/9 297/420/9 58/23/9
f 285/340/541 277/226/541 209/333/541
f 291/337/542 292/424/542 264/338/542
f 54/225/543 286/409/543 50/21/543
f 53/352/544 289/351/544 290/396/544
f 54/225/545 11/401/545 280/408/545
f 288/397/546 284/422/546 282/413/546
f 275/381/547 78/222/547 281/380/547
f 286/409/548 17/19/548 50/21/548
f 282/413/549 16/415/549 275/381/549
f 289/351/550 281/380/550 290/396/550
f 281/380/551 283/379/551 290/396/551
f 296/423/552 283/379/552 78/222/552
f 292/424/553 291/337/553 296/423/553
f 292/349/554 287/417/554 299/416/554
f 293/71/555 56/382/555 22/414/555
f 56/382/556 77/384/556 79/383/556
f 308/426/557 302/419/557 301/427/557
f 296/423/558 309/421/558 306/428/558
f 300/429/559 305/418/559 307/430/559
f 295/361/560 308/431/560 304/432/560
f 300/429/561 303/433/561 278/22/561
f 297/420/562 298/434/562 58/23/562
f 297/420/563 308/426/563 298/434/563
f 300/429/564 278/22/564 277/226/564
f 302/419/565 303/433/565 301/427/565
f 305/418/566 287/417/566 301/427/566
f 304/432/567 308/431/567 301/435/567
f 306/428/568 304/432/568 301/435/568
f 307/430/569 301/427/569 303/433/569
f 306/428/570 301/435/570 287/425/570
f 307/430/571 305/418/571 301/427/571
f 306/428/572 309/421/572 304/432/572
f 5/1/573 310/436/573 14/2/573
f 317/437/574 316/438/574 319/439/574
f 320/440/575 323/441/575 322/442/575
f 324/443/576 327/444/576 329/445/576
f 320/440/577 329/446/577 327/447/577
f 329/446/578 320/440/578 321/448/578
f 331/449/579 330/450/579 408/451/579
f 17/19/580 332/452/580 333/453/580
f 560/454/581 339/455/581 340/456/581
f 1/25/582 341/457/582 337/458/582
f 345/459/583 347/460/583 346/461/583
f 346/461/584 354/462/584 345/459/584
f 355/463/585 356/464/585 343/465/585
f 346/461/586 347/460/586 348/466/586
f 356/464/587 358/467/587 343/465/587
f 349/468/588 350/469/588 358/467/588
f 356/464/589 357/470/589 349/468/589
f 316/438/590 365/471/590 364/472/590
f 326/473/591 321/448/591 322/442/591
f 324/474/592 328/475/592 321/448/592
f 368/476/593 367/477/593 331/449/593
f 370/478/594 369/479/594 367/477/594
f 371/480/595 369/479/595 370/478/595
f 371/480/596 372/481/596 374/482/596
f 375/483/597 378/484/597 377/485/597
f 379/486/598 381/487/598 380/488/598
f 379/486/599 391/489/599 362/490/599
f 358/467/600 382/491/600 342/492/600
f 348/466/601 384/493/601 350/494/601
f 392/495/602 393/496/602 347/460/602
f 347/460/603 393/496/603 384/493/603
f 395/497/604 384/493/604 393/496/604
f 389/498/605 396/499/605 394/500/605
f 293/71/606 572/501/606 12/72/606
f 400/502/607 399/503/607 316/438/607
f 400/502/608 401/504/608 399/503/608
f 404/505/609 403/506/609 405/507/609
f 322/442/610 323/441/610 407/508/610
f 402/509/611 324/474/611 325/510/611
f 399/503/612 411/511/612 365/471/612
f 399/503/613 401/504/613 412/512/613
f 401/513/614 325/510/614 406/514/614
f 366/515/615 331/516/615 408/517/615
f 413/518/616 402/509/616 401/513/616
f 402/519/617 405/507/617 327/444/617
f 415/520/618 414/521/618 417/522/618
f 418/523/619 419/524/619 417/525/619
f 423/526/620 422/527/620 432/528/620
f 425/529/621 426/530/621 556/531/621
f 427/532/622 423/533/622 429/534/622
f 467/535/623 431/536/623 433/537/623
f 431/538/624 432/528/624 434/539/624
f 422/540/625 433/537/625 434/541/625
f 434/541/626 433/537/626 435/542/626
f 442/543/627 440/544/627 441/545/627
f 436/546/628 443/547/628 438/548/628
f 436/546/629 442/549/629 443/547/629
f 443/547/630 441/550/630 438/548/630
f 444/551/631 445/552/631 446/553/631
f 444/551/632 446/553/632 447/554/632
f 446/553/633 450/555/633 447/554/633
f 451/556/634 464/557/634 447/558/634
f 453/559/635 420/560/635 421/561/635
f 421/561/636 452/562/636 454/563/636
f 455/564/637 453/565/637 454/566/637
f 455/564/638 420/567/638 453/565/638
f 449/568/639 451/556/639 448/569/639
f 420/560/640 457/570/640 458/571/640
f 427/532/641 430/572/641 423/533/641
f 429/573/642 423/526/642 424/574/642
f 428/575/643 555/576/643 426/530/643
f 460/577/644 476/578/644 357/579/644
f 462/580/645 428/581/645 425/582/645
f 418/523/646 461/583/646 462/584/646
f 459/585/647 349/586/647 357/587/647
f 459/585/648 554/588/648 346/461/648
f 555/589/649 356/464/649 355/463/649
f 354/462/650 346/461/650 554/588/650
f 354/590/651 461/591/651 556/592/651
f 421/561/652 463/593/652 452/562/652
f 437/594/653 438/548/653 439/595/653
f 466/596/654 456/597/654 445/552/654
f 468/598/655 439/599/655 440/544/655
f 465/600/656 445/552/656 463/593/656
f 432/528/657 431/538/657 467/601/657
f 440/544/658 442/543/658 456/597/658
f 469/602/659 436/546/659 437/594/659
f 469/602/660 456/603/660 442/549/660
f 430/572/661 427/532/661 475/604/661
f 470/605/662 437/594/662 439/595/662
f 468/606/663 467/535/663 475/604/663
f 455/564/664 452/607/664 472/608/664
f 457/609/665 455/564/665 473/610/665
f 457/609/666 473/610/666 554/611/666
f 472/608/667 452/607/667 464/557/667
f 464/612/668 463/593/668 444/551/668
f 471/613/669 472/608/669 451/556/669
f 471/613/670 449/568/670 456/603/670
f 470/605/671 475/604/671 471/613/671
f 471/613/672 474/614/672 472/608/672
f 455/564/673 472/608/673 474/614/673
f 465/600/674 476/578/674 460/577/674
f 458/571/675 459/615/675 357/579/675
f 355/463/676 353/616/676 556/617/676
f 556/617/677 353/616/677 354/462/677
f 394/618/678 391/489/678 388/619/678
f 476/578/679 465/600/679 463/593/679
f 475/604/680 473/610/680 474/614/680
f 455/564/681 474/614/681 473/610/681
f 461/591/682 354/590/682 475/604/682
f 475/604/683 427/532/683 462/620/683
f 390/621/684 388/622/684 478/623/684
f 481/624/685 380/488/685 383/625/685
f 385/626/686 483/627/686 482/628/686
f 483/629/687 385/630/687 395/497/687
f 394/618/688 396/631/688 395/497/688
f 388/619/689 391/489/689 379/486/689
f 478/632/690 379/486/690 380/488/690
f 13/204/691 7/206/691 485/633/691
f 477/634/692 478/635/692 481/636/692
f 27/210/693 23/212/693 487/637/693
f 486/638/694 481/636/694 482/639/694
f 489/640/695 488/641/695 482/642/695
f 489/640/696 483/643/696 396/499/696
f 484/644/697 485/633/697 477/634/697
f 552/645/698 551/646/698 487/637/698
f 360/647/699 561/648/699 558/649/699
f 341/457/700 340/456/700 339/455/700
f 339/455/701 559/650/701 336/651/701
f 396/499/702 397/652/702 479/653/702
f 396/499/703 389/498/703 386/654/703
f 389/498/704 492/655/704 387/656/704
f 312/657/705 493/658/705 313/659/705
f 493/658/706 312/657/706 363/660/706
f 310/661/707 497/662/707 496/663/707
f 496/663/708 497/662/708 499/664/708
f 24/240/709 503/665/709 502/666/709
f 494/667/710 503/665/710 500/668/710
f 500/668/711 493/658/711 494/667/711
f 493/658/712 500/668/712 501/669/712
f 495/670/713 499/664/713 375/483/713
f 375/483/714 507/671/714 498/672/714
f 509/673/715 508/674/715 511/675/715
f 492/655/716 389/498/716 390/621/716
f 512/676/717 390/677/717 477/634/717
f 485/633/718 505/678/718 513/679/718
f 506/680/719 515/681/719 514/682/719
f 515/681/720 506/680/720 502/683/720
f 503/665/721 494/667/721 509/673/721
f 514/682/722 513/679/722 505/678/722
f 504/684/723 387/656/723 492/655/723
f 5/261/724 21/263/724 518/685/724
f 497/662/725 517/686/725 519/687/725
f 499/664/726 519/687/726 507/671/726
f 492/655/727 512/688/727 522/689/727
f 512/676/728 513/679/728 514/682/728
f 514/682/729 515/681/729 523/690/729
f 523/691/730 515/692/730 509/673/730
f 510/693/731 520/694/731 553/695/731
f 517/686/732 553/695/732 520/694/732
f 518/685/733 504/696/733 553/695/733
f 523/697/734 553/698/734 516/699/734
f 21/278/735 20/279/735 504/684/735
f 516/699/736 553/698/736 504/684/736
f 508/674/737 524/700/737 511/675/737
f 524/701/738 525/702/738 521/703/738
f 519/687/739 520/694/739 521/703/739
f 526/704/740 314/705/740 315/706/740
f 319/439/741 364/472/741 527/707/741
f 378/484/742 373/708/742 374/482/742
f 498/672/743 528/709/743 373/708/743
f 524/701/744 315/710/744 529/711/744
f 319/439/745 312/657/745 318/712/745
f 527/707/746 363/660/746 312/657/746
f 382/491/747 383/625/747 380/488/747
f 380/488/748 381/487/748 344/713/748
f 362/490/749 344/713/749 381/487/749
f 362/490/750 391/489/750 392/495/750
f 385/626/751 383/625/751 382/491/751
f 343/465/752 344/713/752 351/714/752
f 352/715/753 351/714/753 344/713/753
f 352/715/754 392/495/754 345/459/754
f 556/716/755 415/520/755 416/717/755
f 508/674/756 509/673/756 494/667/756
f 526/704/757 508/674/757 363/660/757
f 364/472/758 314/705/758 526/704/758
f 525/702/759 529/711/759 528/709/759
f 521/703/760 510/693/760 511/718/760
f 313/659/761 501/669/761 531/719/761
f 318/712/762 313/659/762 531/719/762
f 533/720/763 317/437/763 318/712/763
f 534/721/764 400/502/764 317/437/764
f 404/505/765 409/722/765 403/506/765
f 495/670/766 531/723/766 530/724/766
f 532/725/767 531/723/767 376/726/767
f 374/482/768 533/727/768 532/725/768
f 370/478/769 534/728/769 533/727/769
f 368/476/770 535/729/770 534/728/770
f 410/730/771 413/731/771 535/729/771
f 404/505/772 413/732/772 410/733/772
f 406/514/773 407/508/773 536/734/773
f 405/735/774 536/734/774 407/508/774
f 537/736/775 314/705/775 365/471/775
f 411/511/776 412/512/776 536/737/776
f 373/708/777 528/709/777 538/738/777
f 528/709/778 529/711/778 539/739/778
f 371/480/779 538/738/779 540/740/779
f 315/710/780 542/741/780 541/742/780
f 369/479/781 540/740/781 543/743/781
f 543/743/782 330/450/782 331/449/782
f 314/705/783 537/736/783 542/744/783
f 537/736/784 536/737/784 403/745/784
f 536/734/785 405/735/785 403/746/785
f 330/450/786 543/743/786 409/747/786
f 539/739/787 541/742/787 540/740/787
f 542/741/788 403/748/788 544/749/788
f 541/742/789 544/749/789 543/743/789
f 13/204/790 484/644/790 487/637/790
f 486/638/791 490/750/791 487/637/791
f 490/750/792 488/751/792 552/645/792
f 332/452/793 491/752/793 545/753/793
f 10/334/794 549/754/794 341/457/794
f 549/754/795 361/755/795 340/456/795
f 570/756/796 398/757/796 546/758/796
f 545/753/797 491/752/797 565/759/797
f 547/760/798 548/761/798 545/753/798
f 488/641/799 489/640/799 547/762/799
f 489/640/800 550/763/800 548/764/800
f 548/761/801 550/765/801 333/453/801
f 489/640/802 480/766/802 550/763/802
f 546/767/803 565/759/803 571/768/803
f 546/767/804 545/753/804 565/759/804
f 552/769/805 547/760/805 545/753/805
f 568/770/806 6/353/806 335/771/806
f 25/354/807 311/772/807 9/355/807
f 312/657/808 313/659/808 318/712/808
f 317/437/809 319/439/809 318/712/809
f 320/440/810 322/442/810 321/448/810
f 324/474/811 326/473/811 325/510/811
f 324/443/812 329/445/812 328/773/812
f 320/440/813 327/447/813 323/441/813
f 329/446/814 321/448/814 328/475/814
f 17/19/815 333/453/815 3/358/815
f 26/359/816 335/771/816 6/353/816
f 339/455/817 560/454/817 559/650/817
f 342/492/818 344/713/818 343/465/818
f 348/466/819 350/494/819 349/586/819
f 352/715/820 345/459/820 353/616/820
f 349/586/821 346/461/821 348/466/821
f 355/463/822 343/465/822 351/714/822
f 354/462/823 353/616/823 345/459/823
f 573/774/824 576/775/824 360/647/824
f 349/468/825 358/467/825 356/464/825
f 351/714/826 353/616/826 355/463/826
f 353/616/827 351/714/827 352/715/827
f 352/715/828 344/713/828 362/490/828
f 316/438/829 364/472/829 319/439/829
f 326/473/830 322/442/830 325/510/830
f 324/474/831 321/448/831 326/473/831
f 368/476/832 331/449/832 366/776/832
f 370/478/833 367/477/833 368/476/833
f 371/480/834 370/478/834 372/481/834
f 371/480/835 374/482/835 373/708/835
f 375/483/836 377/485/836 376/726/836
f 379/486/837 362/490/837 381/487/837
f 358/467/838 342/492/838 343/465/838
f 350/469/839 382/491/839 358/467/839
f 388/622/840 390/621/840 389/498/840
f 362/490/841 392/495/841 352/715/841
f 393/496/842 391/489/842 394/618/842
f 347/460/843 384/493/843 348/466/843
f 395/497/844 393/496/844 394/618/844
f 385/630/845 384/493/845 395/497/845
f 389/498/846 394/500/846 388/622/846
f 18/363/847 386/654/847 20/279/847
f 400/502/848 316/438/848 317/437/848
f 402/509/849 325/510/849 401/513/849
f 404/505/850 405/507/850 402/519/850
f 322/442/851 407/508/851 406/514/851
f 402/519/852 327/444/852 324/443/852
f 323/441/853 327/447/853 407/508/853
f 366/776/854 410/730/854 368/476/854
f 399/503/855 365/471/855 316/438/855
f 399/503/856 412/512/856 411/511/856
f 401/513/857 406/514/857 412/777/857
f 325/510/858 322/442/858 406/514/858
f 404/505/859 402/519/859 413/732/859
f 366/515/860 408/517/860 410/733/860
f 413/518/861 401/513/861 400/778/861
f 415/520/862 417/522/862 416/717/862
f 418/523/863 417/525/863 414/779/863
f 417/522/864 419/780/864 416/717/864
f 418/523/865 414/779/865 415/781/865
f 423/526/866 432/528/866 424/574/866
f 427/532/867 429/534/867 428/782/867
f 430/572/868 422/540/868 423/533/868
f 467/535/869 433/537/869 430/572/869
f 422/527/870 434/539/870 432/528/870
f 431/538/871 434/539/871 435/783/871
f 435/542/872 433/537/872 431/536/872
f 433/537/873 422/540/873 430/572/873
f 437/594/874 436/546/874 438/548/874
f 439/599/875 441/545/875 440/544/875
f 442/549/876 441/550/876 443/547/876
f 438/548/877 441/550/877 439/595/877
f 464/612/878 444/551/878 447/554/878
f 448/569/879 450/784/879 449/568/879
f 451/556/880 447/558/880 448/569/880
f 449/568/881 450/784/881 446/785/881
f 447/558/882 450/784/882 448/569/882
f 421/561/883 454/563/883 453/559/883
f 455/564/884 454/566/884 452/607/884
f 456/597/885 446/553/885 445/552/885
f 449/568/886 446/785/886 456/603/886
f 420/560/887 458/571/887 421/561/887
f 429/573/888 424/574/888 460/577/888
f 460/577/889 357/579/889 555/576/889
f 556/786/890 461/583/890 418/523/890
f 462/580/891 425/582/891 419/780/891
f 418/523/892 462/584/892 419/524/892
f 460/577/893 428/575/893 429/573/893
f 357/470/894 356/464/894 555/589/894
f 349/586/895 459/585/895 346/461/895
f 555/589/896 355/463/896 426/787/896
f 464/612/897 452/562/897 463/593/897
f 458/571/898 463/593/898 421/561/898
f 424/574/899 432/528/899 468/598/899
f 424/574/900 468/598/900 465/600/900
f 466/596/901 445/552/901 465/600/901
f 445/552/902 444/551/902 463/593/902
f 468/598/903 440/544/903 466/596/903
f 466/596/904 465/600/904 468/598/904
f 432/528/905 467/601/905 468/598/905
f 440/544/906 456/597/906 466/596/906
f 469/602/907 437/594/907 470/605/907
f 469/602/908 442/549/908 436/546/908
f 471/613/909 456/603/909 469/602/909
f 430/572/910 475/604/910 467/535/910
f 470/605/911 439/595/911 468/606/911
f 468/606/912 475/604/912 470/605/912
f 420/567/913 455/564/913 457/609/913
f 457/609/914 554/611/914 459/788/914
f 472/608/915 464/557/915 451/556/915
f 471/613/916 451/556/916 449/568/916
f 470/605/917 471/613/917 469/602/917
f 473/610/918 475/604/918 354/590/918
f 462/620/919 427/532/919 428/782/919
f 465/600/920 460/577/920 424/574/920
f 458/571/921 476/578/921 463/593/921
f 458/571/922 357/579/922 476/578/922
f 355/463/923 556/617/923 426/787/923
f 475/604/924 474/614/924 471/613/924
f 554/611/925 473/610/925 354/590/925
f 461/591/926 475/604/926 462/620/926
f 390/677/927 478/635/927 477/634/927
f 481/624/928 383/625/928 482/628/928
f 385/626/929 482/628/929 383/625/929
f 483/629/930 395/497/930 396/631/930
f 388/619/931 379/486/931 478/632/931
f 478/632/932 380/488/932 481/624/932
f 13/204/933 485/633/933 484/644/933
f 477/634/934 481/636/934 486/638/934
f 27/210/935 487/637/935 551/646/935
f 486/638/936 482/639/936 488/751/936
f 489/640/937 482/642/937 483/643/937
f 489/640/938 396/499/938 480/766/938
f 484/644/939 477/634/939 486/638/939
f 552/645/940 487/637/940 490/750/940
f 334/789/941 551/790/941 552/791/941
f 334/789/942 398/757/942 335/771/942
f 360/647/943 562/792/943 564/793/943
f 360/647/944 558/649/944 557/794/944
f 561/648/945 361/795/945 338/796/945
f 359/797/946 361/795/946 549/798/946
f 341/457/947 339/455/947 337/458/947
f 337/458/948 339/455/948 336/651/948
f 336/651/949 559/650/949 332/452/949
f 396/499/950 479/653/950 480/766/950
f 396/499/951 386/654/951 397/652/951
f 389/498/952 387/656/952 386/654/952
f 493/658/953 363/660/953 494/667/953
f 495/670/954 375/483/954 376/726/954
f 375/483/955 498/672/955 378/484/955
f 496/663/956 499/664/956 495/670/956
f 500/668/957 311/799/957 501/669/957
f 493/658/958 501/669/958 313/659/958
f 7/206/959 505/678/959 485/633/959
f 2/387/960 506/680/960 505/678/960
f 509/673/961 511/675/961 510/800/961
f 492/655/962 390/621/962 512/688/962
f 512/676/963 477/634/963 513/679/963
f 485/633/964 513/679/964 477/634/964
f 506/680/965 514/682/965 505/678/965
f 515/692/966 502/666/966 503/665/966
f 503/665/967 509/673/967 515/692/967
f 504/684/968 492/655/968 516/699/968
f 5/261/969 518/685/969 517/686/969
f 21/263/970 504/696/970 518/685/970
f 497/662/971 519/687/971 499/664/971
f 499/664/972 507/671/972 375/483/972
f 520/694/973 510/693/973 521/703/973
f 492/655/974 522/689/974 516/699/974
f 512/676/975 514/682/975 522/801/975
f 514/682/976 523/690/976 522/801/976
f 523/691/977 509/673/977 510/800/977
f 510/693/978 553/695/978 523/802/978
f 517/686/979 520/694/979 519/687/979
f 518/685/980 553/695/980 517/686/980
f 523/697/981 516/699/981 522/689/981
f 524/701/982 521/703/982 511/718/982
f 519/687/983 521/703/983 507/671/983
f 526/704/984 315/706/984 524/700/984
f 378/484/985 374/482/985 377/485/985
f 498/672/986 373/708/986 378/484/986
f 524/701/987 529/711/987 525/702/987
f 527/707/988 312/657/988 319/439/988
f 526/704/989 524/700/989 508/674/989
f 382/491/990 380/488/990 342/492/990
f 380/488/991 344/713/991 342/492/991
f 391/489/992 393/496/992 392/495/992
f 384/493/993 385/630/993 350/494/993
f 385/626/994 382/491/994 350/469/994
f 392/495/995 347/460/995 345/459/995
f 556/716/996 416/717/996 425/582/996
f 418/523/997 415/781/997 556/786/997
f 416/717/998 419/780/998 425/582/998
f 508/674/999 494/667/999 363/660/999
f 526/704/1000 363/660/1000 527/707/1000
f 364/472/1001 526/704/1001 527/707/1001
f 365/471/1002 314/705/1002 364/472/1002
f 525/702/1003 528/709/1003 498/672/1003
f 525/702/1004 498/672/1004 521/703/1004
f 507/671/1005 521/703/1005 498/672/1005
f 501/669/1006 530/803/1006 531/719/1006
f 318/712/1007 531/719/1007 532/804/1007
f 533/720/1008 318/712/1008 532/804/1008
f 534/721/1009 317/437/1009 533/720/1009
f 535/805/1010 400/502/1010 534/721/1010
f 413/518/1011 400/778/1011 535/806/1011
f 495/670/1012 530/724/1012 496/663/1012
f 376/726/1013 531/723/1013 495/670/1013
f 532/725/1014 376/726/1014 377/485/1014
f 374/482/1015 532/725/1015 377/485/1015
f 533/727/1016 374/482/1016 372/481/1016
f 370/478/1017 533/727/1017 372/481/1017
f 368/476/1018 534/728/1018 370/478/1018
f 410/730/1019 535/729/1019 368/476/1019
f 404/505/1020 410/733/1020 408/517/1020
f 409/722/1021 404/505/1021 408/517/1021
f 406/514/1022 536/734/1022 412/777/1022
f 405/735/1023 407/508/1023 327/447/1023
f 537/736/1024 365/471/1024 411/511/1024
f 411/511/1025 536/737/1025 537/736/1025
f 373/708/1026 538/738/1026 371/480/1026
f 529/711/1027 315/710/1027 539/739/1027
f 528/709/1028 539/739/1028 538/738/1028
f 371/480/1029 540/740/1029 369/479/1029
f 315/710/1030 541/742/1030 539/739/1030
f 369/479/1031 543/743/1031 367/477/1031
f 543/743/1032 331/449/1032 367/477/1032
f 314/705/1033 542/744/1033 315/706/1033
f 537/736/1034 403/745/1034 542/744/1034
f 330/450/1035 409/747/1035 408/451/1035
f 539/739/1036 540/740/1036 538/738/1036
f 544/749/1037 403/748/1037 409/747/1037
f 544/749/1038 409/747/1038 543/743/1038
f 542/741/1039 544/749/1039 541/742/1039
f 541/742/1040 543/743/1040 540/740/1040
f 13/204/1041 487/637/1041 23/212/1041
f 486/638/1042 487/637/1042 484/644/1042
f 488/751/1043 490/750/1043 486/638/1043
f 332/452/1044 545/753/1044 333/453/1044
f 1/25/1045 10/334/1045 341/457/1045
f 549/754/1046 340/456/1046 341/457/1046
f 567/807/1047 584/808/1047 574/809/1047
f 334/789/1048 546/758/1048 398/757/1048
f 552/791/1049 546/758/1049 334/789/1049
f 488/641/1050 547/762/1050 552/810/1050
f 489/640/1051 548/764/1051 547/762/1051
f 548/761/1052 333/453/1052 545/753/1052
f 479/653/1053 550/763/1053 480/766/1053
f 552/769/1054 545/753/1054 546/767/1054
f 335/771/1055 398/757/1055 569/811/1055
f 6/353/1056 568/770/1056 288/397/1056
f 386/654/1057 387/656/1057 20/279/1057
f 502/683/1058 2/387/1058 24/398/1058
f 550/765/1059 4/399/1059 3/358/1059
f 337/458/1060 11/401/1060 19/400/1060
f 551/790/1061 26/359/1061 27/402/1061
f 479/653/1062 18/363/1062 4/403/1062
f 397/652/1063 18/363/1063 479/653/1063
f 497/662/1064 310/661/1064 5/261/1064
f 310/436/1065 15/404/1065 14/2/1065
f 15/405/1066 310/661/1066 496/663/1066
f 500/668/1067 503/665/1067 24/240/1067
f 500/668/1068 24/240/1068 9/406/1068
f 359/797/1069 10/407/1069 12/72/1069
f 337/458/1070 336/651/1070 11/401/1070
f 336/651/1071 566/812/1071 280/408/1071
f 359/797/1072 549/798/1072 10/407/1072
f 530/724/1073 8/410/1073 15/405/1073
f 530/803/1074 501/669/1074 8/411/1074
f 337/458/1075 19/400/1075 1/25/1075
f 501/669/1076 311/799/1076 8/411/1076
f 311/772/1077 25/354/1077 8/412/1077
f 551/790/1078 334/789/1078 26/359/1078
f 517/686/1079 497/662/1079 5/261/1079
f 479/653/1080 4/403/1080 550/763/1080
f 550/765/1081 3/358/1081 333/453/1081
f 505/678/1082 7/206/1082 2/387/1082
f 502/683/1083 506/680/1083 2/387/1083
f 288/397/1084 568/770/1084 563/813/1084
f 22/414/1085 557/794/1085 558/649/1085
f 557/794/1086 22/414/1086 16/415/1086
f 26/359/1087 334/789/1087 335/771/1087
f 18/363/1088 397/652/1088 386/654/1088
f 460/577/1089 555/576/1089 428/575/1089
f 359/797/1090 572/501/1090 338/796/1090
f 457/570/1091 459/615/1091 458/571/1091
f 428/575/1092 426/530/1092 425/529/1092
f 504/684/1093 20/279/1093 387/656/1093
f 530/724/1094 15/405/1094 496/663/1094
f 500/668/1095 9/406/1095 311/799/1095
f 568/770/1096 557/794/1096 563/813/1096
f 558/649/1097 338/796/1097 22/414/1097
f 576/775/1098 361/795/1098 360/647/1098
f 360/647/1099 361/795/1099 561/648/1099
f 561/648/1100 338/796/1100 558/649/1100
f 580/814/1101 560/454/1101 575/815/1101
f 566/812/1102 17/19/1102 280/408/1102
f 577/816/1103 565/759/1103 559/650/1103
f 564/793/1104 569/811/1104 570/756/1104
f 557/794/1105 568/770/1105 562/792/1105
f 332/452/1106 559/650/1106 491/752/1106
f 587/817/1107 573/774/1107 360/647/1107
f 563/813/1108 16/415/1108 284/422/1108
f 570/756/1109 574/809/1109 564/793/1109
f 569/811/1110 398/757/1110 570/756/1110
f 571/818/1111 567/807/1111 574/809/1111
f 571/768/1112 565/759/1112 577/816/1112
f 560/454/581 340/456/581 575/815/581
f 565/759/1113 491/752/1113 559/650/1113
f 570/756/1114 546/758/1114 571/818/1114
f 336/651/1115 332/452/1115 566/812/1115
f 335/771/1116 569/811/1116 568/770/1116
f 336/651/1117 280/408/1117 11/401/1117
f 288/397/1118 563/813/1118 284/422/1118
f 557/794/1119 562/792/1119 360/647/1119
f 566/812/1120 332/452/1120 17/19/1120
f 563/813/1121 557/794/1121 16/415/1121
f 568/770/1122 569/811/1122 562/792/1122
f 562/792/1123 569/811/1123 564/793/1123
f 574/809/1124 360/647/1124 564/793/1124
f 571/818/1125 574/809/1125 570/756/1125
f 571/768/1126 577/816/1126 567/819/1126
f 293/71/1127 22/414/1127 338/796/1127
f 338/796/1128 361/795/1128 359/797/1128
f 580/814/1129 586/820/1129 579/821/1129
f 578/822/1130 583/823/1130 577/816/1130
f 573/774/1131 586/824/1131 576/775/1131
f 581/825/1132 578/822/1132 560/454/1132
f 575/815/1133 340/456/1133 576/826/1133
f 586/820/1134 575/815/1134 576/826/1134
f 578/822/1135 559/650/1135 560/454/1135
f 580/814/1136 579/821/1136 581/825/1136
f 583/823/1137 579/821/1137 567/819/1137
f 582/827/1138 579/828/1138 586/824/1138
f 584/808/1139 579/828/1139 582/827/1139
f 585/829/1140 581/825/1140 579/821/1140
f 584/808/1141 567/807/1141 579/828/1141
f 585/829/1142 579/821/1142 583/823/1142
f 584/808/1143 582/827/1143 587/817/1143
f 287/425/1144 296/423/1144 306/428/1144
f 77/384/1145 56/382/1145 294/70/1145
f 278/22/1146 303/433/1146 302/419/1146
f 296/423/1147 78/222/1147 309/421/1147
f 79/336/1148 58/23/1148 298/434/1148
f 299/416/1149 300/429/1149 277/226/1149
f 294/70/1150 56/382/1150 293/71/1150
f 295/361/1151 304/432/1151 309/421/1151
f 300/429/1152 299/416/1152 305/418/1152
f 295/361/1153 298/360/1153 308/431/1153
f 300/429/561 307/430/561 303/433/561
f 297/420/1154 302/419/1154 308/426/1154
f 359/797/1155 12/72/1155 572/501/1155
f 577/816/1156 583/823/1156 567/819/1156
f 580/814/1157 581/825/1157 560/454/1157
f 360/647/1158 574/809/1158 587/817/1158
f 576/826/1159 340/456/1159 361/755/1159
f 559/650/1160 578/822/1160 577/816/1160
f 293/71/1161 338/796/1161 572/501/1161
f 574/809/1162 584/808/1162 587/817/1162
f 587/817/1163 582/827/1163 573/774/1163
f 578/822/1164 585/829/1164 583/823/1164
f 573/774/1165 582/827/1165 586/824/1165
f 581/825/1132 585/829/1132 578/822/1132
f 586/820/1166 580/814/1166 575/815/1166
